{"smd":{"player":{"function":{"$func":["shot_all","drawstring_l","drawstring_r","pig","shot_all","shot_left","shot_right","string_l","string_r","takeback_l","takeback_r"]},"$func":["data_update","data_update_item","end","equip_offhand","forced_drop_offhand","init","not_offhand_clear","score_reset","ui","update"],"physic":{"$func":["add_force","clear_noai_nogravity","raycast_test","string_draw"],"accelerate_jet":{"$func":["accelerate_jet_0","accelerate_jet_1","accelerate_jet_10","accelerate_jet_2","accelerate_jet_3","accelerate_jet_4","accelerate_jet_5","accelerate_jet_6","accelerate_jet_7","accelerate_jet_8","accelerate_jet_9"]}},"attach_test":{"$func":["range_0","range_1","range_2","range_3","range_4","range_5","range_6","range_7","setpos_l","setpos_r","test"]}},"$func":["init","test","update"],"admin":{"$func":["give_compressor","give_gas","give_material","kill_smdassembly","kill_smdcompressor","kill_smdtable","give_smd"]},"event_listen":{"$func":["raycast","raycast_end"]},"crafting":{"$func":["effect","recipe_advanced_hook","recipe_core_0","recipe_core_1","recipe_core_3","recipe_core_2","recipe_core_4","recipe_core_5","recipe_core_6","recipe_core_8","recipe_cylinder","recipe_ejector","recipe_fan","recipe_gas_compressor","recipe_gas_pipe","recipe_gas_pump","recipe_gas_valve","recipe_core_7","recipe_injector","recipe_smd_assembly_table","remove_item"],"smdtable":{"$func":["smdtable_destroy","smdtable_init","smdtable_test_0","smdtable_test_1","smdtable_update"]}},"functional":{"compressor":{"$func":["compressor_destroy","compressor_init","compressor_itemback","compressor_load_air","compressor_load_gas","compressor_test","compressor_update"]},"gas":{"$func":["gas_collect","gas_explosion","gas_generate","gas_update"]},"smd_assembly_table":{"$func":["effect","remove_item","smd_assembly_table_craft","smd_assembly_table_destroy","smd_assembly_table_disassemble_0","smd_assembly_table_disassemble_1","smd_assembly_table_disassemble_2","smd_assembly_table_disassemble_3","smd_assembly_table_disassemble_4","smd_assembly_table_init","smd_assembly_table_test","smd_assembly_table_update"]}}}}