{
    "parent": "3mg:3mg/root",
    "display": {
        "icon": {
            "item": "minecraft:diamond_sword",
            "nbt": "{CustomModelData:6978078}"
        },
        "title": {
            "translate": "advancements.3mg.3mg.title"
        },
        "description": {
            "translate": "advancements.3mg.3mg.description"
        },
        "show_toast": true,
        "announce_to_chat": true,
        "hidden": false
    },
    "criteria": {
        "impossible": {
            "trigger": "minecraft:impossible"
        }
    },
    "requirements": [
        [
            "impossible"
        ]
    ]
}