{
    "display": {
        "icon": {
            "item": "minecraft:iron_nugget",
            "nbt": "{CustomModelData:6978068}"
        },
        "title": {
            "translate": "advancements.3mg.root.title"
        },
        "description": {
            "translate": "advancements.3mg.root.description"
        },
        "frame": "task",
        "show_toast": true,
        "announce_to_chat": false,
        "hidden": false,
        "background": "minecraft:textures/gui/advancements/backgrounds/stone.png"
    },
    "criteria": {
        "impossible": {
            "trigger": "minecraft:impossible"
        }
    },
    "requirements": [
        [
            "impossible"
        ]
    ]
}