{
	"parent": "item/generated",
	"textures": {
		"layer0": "item/carrot_on_a_stick"
	},
	"overrides": [
		{ "predicate": { "custom_model_data": 6978075 }, "model": "smd/smd_wooden"},
		{ "predicate": { "custom_model_data": 6978076 }, "model": "smd/smd_iron"},
		{ "predicate": { "custom_model_data": 6978077 }, "model": "smd/smd_stone"},
		{ "predicate": { "custom_model_data": 6978078 }, "model": "smd/smd_golden"},
		{ "predicate": { "custom_model_data": 6978079 }, "model": "smd/smd_diamond"},
		{ "predicate": { "custom_model_data": 6978080 }, "model": "smd/smd_wooden_shot_all"},
		{ "predicate": { "custom_model_data": 6978081 }, "model": "smd/smd_iron_shot_all"},
		{ "predicate": { "custom_model_data": 6978082 }, "model": "smd/smd_stone_shot_all"},
		{ "predicate": { "custom_model_data": 6978083 }, "model": "smd/smd_golden_shot_all"},
		{ "predicate": { "custom_model_data": 6978084 }, "model": "smd/smd_diamond_shot_all"},
		{ "predicate": { "custom_model_data": 6978085 }, "model": "smd/smd_wooden_shot_left"},
		{ "predicate": { "custom_model_data": 6978086 }, "model": "smd/smd_iron_shot_left"},
		{ "predicate": { "custom_model_data": 6978087 }, "model": "smd/smd_stone_shot_left"},
		{ "predicate": { "custom_model_data": 6978088 }, "model": "smd/smd_golden_shot_left"},
		{ "predicate": { "custom_model_data": 6978089 }, "model": "smd/smd_diamond_shot_left"},
		{ "predicate": { "custom_model_data": 6978090 }, "model": "smd/smd_wooden_shot_right"},
		{ "predicate": { "custom_model_data": 6978091 }, "model": "smd/smd_iron_shot_right"},
		{ "predicate": { "custom_model_data": 6978092 }, "model": "smd/smd_stone_shot_right"},
		{ "predicate": { "custom_model_data": 6978093 }, "model": "smd/smd_golden_shot_right"},
		{ "predicate": { "custom_model_data": 6978094 }, "model": "smd/smd_diamond_shot_right"}
    ]
}