{
    "parent": "item/generated",
    "textures": {
        "layer0": "item/iron_nugget"
    },
    "overrides": [
		{ "predicate": { "custom_model_data": 6978068 }, "model": "smd/fan"},
		{ "predicate": { "custom_model_data": 6978069 }, "model": "smd/gas_pipe"},
		{ "predicate": { "custom_model_data": 6978070 }, "model": "smd/gas_pump"},
		{ "predicate": { "custom_model_data": 6978071 }, "model": "smd/gas_valve"},
		{ "predicate": { "custom_model_data": 6978072 }, "model": "smd/advanced_hook"},
		{ "predicate": { "custom_model_data": 6978074 }, "model": "smd/cylinder"},
		{ "predicate": { "custom_model_data": 6978075 }, "model": "smd/injector"},
		{ "predicate": { "custom_model_data": 6978076 }, "model": "smd/ejector"},
		{ "predicate": { "custom_model_data": 6978077 }, "model": "smd/smd_core"}
    ]
}