{
	"credit": "Made with Blockbench",
	"textures": {
		"0": "smd/iron_bars",
		"1": "smd/iron_block",
		"2": "smd/anvil",
		"particle": "smd/iron_bars"
	},
	"elements": [
		{
			"from": [1, 6, 13],
			"to": [15, 10, 14],
			"rotation": {"angle": 0, "axis": "y", "origin": [7, 9, 9]},
			"faces": {
				"north": {"uv": [2, 4, 14, 12], "texture": "#1"},
				"east": {"uv": [2, 4, 14, 12], "texture": "#1"},
				"south": {"uv": [2, 4, 14, 12], "texture": "#1"},
				"west": {"uv": [2, 4, 14, 12], "texture": "#1"},
				"up": {"uv": [2, 4, 14, 12], "texture": "#1"},
				"down": {"uv": [2, 4, 14, 12], "texture": "#1"}
			}
		},
		{
			"from": [1, 6, 2],
			"to": [15, 10, 3],
			"rotation": {"angle": 0, "axis": "y", "origin": [7, 9, 9]},
			"faces": {
				"north": {"uv": [2, 4, 14, 12], "texture": "#1"},
				"east": {"uv": [2, 4, 14, 12], "texture": "#1"},
				"south": {"uv": [2, 4, 14, 12], "texture": "#1"},
				"west": {"uv": [2, 4, 14, 12], "texture": "#1"},
				"up": {"uv": [2, 4, 14, 12], "texture": "#1"},
				"down": {"uv": [2, 4, 14, 12], "texture": "#1"}
			}
		},
		{
			"from": [1, 13, 6],
			"to": [15, 14, 10],
			"rotation": {"angle": 0, "axis": "y", "origin": [7, 9, 9]},
			"faces": {
				"north": {"uv": [2, 4, 14, 12], "texture": "#1"},
				"east": {"uv": [2, 4, 14, 12], "texture": "#1"},
				"south": {"uv": [2, 4, 14, 12], "texture": "#1"},
				"west": {"uv": [2, 4, 14, 12], "texture": "#1"},
				"up": {"uv": [2, 4, 14, 12], "texture": "#1"},
				"down": {"uv": [2, 4, 14, 12], "texture": "#1"}
			}
		},
		{
			"from": [1, 2, 6],
			"to": [15, 3, 10],
			"rotation": {"angle": 0, "axis": "y", "origin": [7, 8, 9]},
			"faces": {
				"north": {"uv": [2, 4, 14, 12], "texture": "#1"},
				"east": {"uv": [2, 4, 14, 12], "texture": "#1"},
				"south": {"uv": [2, 4, 14, 12], "texture": "#1"},
				"west": {"uv": [2, 4, 14, 12], "texture": "#1"},
				"up": {"uv": [2, 4, 14, 12], "texture": "#1"},
				"down": {"uv": [2, 4, 14, 12], "texture": "#1"}
			}
		},
		{
			"from": [1, 10, 3],
			"to": [15, 12, 4],
			"rotation": {"angle": 0, "axis": "y", "origin": [7, 9, 9]},
			"faces": {
				"north": {"uv": [2, 4, 14, 12], "texture": "#1"},
				"east": {"uv": [2, 4, 14, 12], "texture": "#1"},
				"south": {"uv": [2, 4, 14, 12], "texture": "#1"},
				"west": {"uv": [2, 4, 14, 12], "texture": "#1"},
				"up": {"uv": [2, 4, 14, 12], "texture": "#1"},
				"down": {"uv": [2, 4, 14, 12], "texture": "#1"}
			}
		},
		{
			"from": [1, 10, 12],
			"to": [15, 12, 13],
			"rotation": {"angle": 0, "axis": "y", "origin": [7, 9, 9]},
			"faces": {
				"north": {"uv": [2, 4, 14, 12], "texture": "#1"},
				"east": {"uv": [2, 4, 14, 12], "texture": "#1"},
				"south": {"uv": [2, 4, 14, 12], "texture": "#1"},
				"west": {"uv": [2, 4, 14, 12], "texture": "#1"},
				"up": {"uv": [2, 4, 14, 12], "texture": "#1"},
				"down": {"uv": [2, 4, 14, 12], "texture": "#1"}
			}
		},
		{
			"from": [1, 4, 12],
			"to": [15, 6, 13],
			"rotation": {"angle": 0, "axis": "y", "origin": [7, 9, 9]},
			"faces": {
				"north": {"uv": [2, 4, 14, 12], "texture": "#1"},
				"east": {"uv": [2, 4, 14, 12], "texture": "#1"},
				"south": {"uv": [2, 4, 14, 12], "texture": "#1"},
				"west": {"uv": [2, 4, 14, 12], "texture": "#1"},
				"up": {"uv": [2, 4, 14, 12], "texture": "#1"},
				"down": {"uv": [2, 4, 14, 12], "texture": "#1"}
			}
		},
		{
			"from": [1, 4, 3],
			"to": [15, 6, 4],
			"rotation": {"angle": 0, "axis": "y", "origin": [7, 9, 9]},
			"faces": {
				"north": {"uv": [2, 4, 14, 12], "texture": "#1"},
				"east": {"uv": [2, 4, 14, 12], "texture": "#1"},
				"south": {"uv": [2, 4, 14, 12], "texture": "#1"},
				"west": {"uv": [2, 4, 14, 12], "texture": "#1"},
				"up": {"uv": [2, 4, 14, 12], "texture": "#1"},
				"down": {"uv": [2, 4, 14, 12], "texture": "#1"}
			}
		},
		{
			"from": [1, 12, 10],
			"to": [15, 13, 12],
			"rotation": {"angle": 0, "axis": "y", "origin": [7, 9, 9]},
			"faces": {
				"north": {"uv": [2, 4, 14, 12], "texture": "#1"},
				"east": {"uv": [2, 4, 14, 12], "texture": "#1"},
				"south": {"uv": [2, 4, 14, 12], "texture": "#1"},
				"west": {"uv": [2, 4, 14, 12], "texture": "#1"},
				"up": {"uv": [2, 4, 14, 12], "texture": "#1"},
				"down": {"uv": [2, 4, 14, 12], "texture": "#1"}
			}
		},
		{
			"from": [1, 12, 4],
			"to": [15, 13, 6],
			"rotation": {"angle": 0, "axis": "y", "origin": [7, 9, 9]},
			"faces": {
				"north": {"uv": [2, 4, 14, 12], "texture": "#1"},
				"east": {"uv": [2, 4, 14, 12], "texture": "#1"},
				"south": {"uv": [2, 4, 14, 12], "texture": "#1"},
				"west": {"uv": [2, 4, 14, 12], "texture": "#1"},
				"up": {"uv": [2, 4, 14, 12], "texture": "#1"},
				"down": {"uv": [2, 4, 14, 12], "texture": "#1"}
			}
		},
		{
			"from": [1, 3, 4],
			"to": [15, 4, 6],
			"rotation": {"angle": 0, "axis": "y", "origin": [7, 8, 9]},
			"faces": {
				"north": {"uv": [2, 4, 14, 12], "texture": "#1"},
				"east": {"uv": [2, 4, 14, 12], "texture": "#1"},
				"south": {"uv": [2, 4, 14, 12], "texture": "#1"},
				"west": {"uv": [2, 4, 14, 12], "texture": "#1"},
				"up": {"uv": [2, 4, 14, 12], "texture": "#1"},
				"down": {"uv": [2, 4, 14, 12], "texture": "#1"}
			}
		},
		{
			"from": [1, 3, 10],
			"to": [15, 4, 12],
			"rotation": {"angle": 0, "axis": "y", "origin": [7, 8, 9]},
			"faces": {
				"north": {"uv": [2, 4, 14, 12], "texture": "#1"},
				"east": {"uv": [2, 4, 14, 12], "texture": "#1"},
				"south": {"uv": [2, 4, 14, 12], "texture": "#1"},
				"west": {"uv": [2, 4, 14, 12], "texture": "#1"},
				"up": {"uv": [2, 4, 14, 12], "texture": "#1"},
				"down": {"uv": [2, 4, 14, 12], "texture": "#1"}
			}
		},
		{
			"from": [2, 4, 4],
			"to": [14, 12, 12],
			"faces": {
				"north": {"uv": [2, 3, 14, 12], "texture": "#1"},
				"east": {"uv": [2, 3, 14, 12], "texture": "#1"},
				"south": {"uv": [2, 3, 14, 12], "texture": "#1"},
				"west": {"uv": [2, 3, 14, 12], "texture": "#1"},
				"up": {"uv": [2, 3, 14, 12], "texture": "#1"},
				"down": {"uv": [2, 3, 14, 12], "texture": "#1"}
			}
		},
		{
			"from": [2, 6, 3],
			"to": [14, 10, 4],
			"faces": {
				"north": {"uv": [2, 3, 14, 12], "texture": "#1"},
				"east": {"uv": [2, 3, 14, 12], "texture": "#1"},
				"south": {"uv": [2, 3, 14, 12], "texture": "#1"},
				"west": {"uv": [2, 3, 14, 12], "texture": "#1"},
				"up": {"uv": [2, 3, 14, 12], "texture": "#1"},
				"down": {"uv": [2, 3, 14, 12], "texture": "#1"}
			}
		},
		{
			"from": [2, 6, 12],
			"to": [14, 10, 13],
			"faces": {
				"north": {"uv": [2, 3, 14, 12], "texture": "#1"},
				"east": {"uv": [2, 3, 14, 12], "texture": "#1"},
				"south": {"uv": [2, 3, 14, 12], "texture": "#1"},
				"west": {"uv": [2, 3, 14, 12], "texture": "#1"},
				"up": {"uv": [2, 3, 14, 12], "texture": "#1"},
				"down": {"uv": [2, 3, 14, 12], "texture": "#1"}
			}
		},
		{
			"from": [2, 12, 6],
			"to": [14, 13, 10],
			"faces": {
				"north": {"uv": [2, 3, 14, 12], "texture": "#1"},
				"east": {"uv": [2, 3, 14, 12], "texture": "#1"},
				"south": {"uv": [2, 3, 14, 12], "texture": "#1"},
				"west": {"uv": [2, 3, 14, 12], "texture": "#1"},
				"up": {"uv": [2, 3, 14, 12], "texture": "#1"},
				"down": {"uv": [2, 3, 14, 12], "texture": "#1"}
			}
		},
		{
			"from": [2, 3, 6],
			"to": [14, 4, 10],
			"faces": {
				"north": {"uv": [2, 3, 14, 12], "texture": "#1"},
				"east": {"uv": [2, 3, 14, 12], "texture": "#1"},
				"south": {"uv": [2, 3, 14, 12], "texture": "#1"},
				"west": {"uv": [2, 3, 14, 12], "texture": "#1"},
				"up": {"uv": [2, 3, 14, 12], "texture": "#1"},
				"down": {"uv": [2, 3, 14, 12], "texture": "#1"}
			}
		},
		{
			"from": [12, 0, 4],
			"to": [13, 1, 5],
			"rotation": {"angle": 0, "axis": "y", "origin": [17, 8, 8]},
			"faces": {
				"north": {"uv": [0, 0, 1, 1], "texture": "#2"},
				"east": {"uv": [6, 10, 7, 11], "texture": "#2"},
				"south": {"uv": [8, 5, 9, 6], "texture": "#2"},
				"west": {"uv": [0, 0, 1, 1], "texture": "#2"},
				"up": {"uv": [0, 0, 1, 1], "texture": "#2"},
				"down": {"uv": [13, 12, 14, 13], "texture": "#2"}
			}
		},
		{
			"from": [3, 1, 5],
			"to": [4, 2, 11],
			"faces": {
				"north": {"uv": [0, 0, 1, 1], "texture": "#2"},
				"east": {"uv": [6, 10, 7, 11], "texture": "#2"},
				"south": {"uv": [8, 5, 9, 6], "texture": "#2"},
				"west": {"uv": [0, 0, 1, 1], "texture": "#2"},
				"up": {"uv": [0, 0, 1, 1], "texture": "#2"},
				"down": {"uv": [13, 12, 14, 13], "texture": "#2"}
			}
		},
		{
			"from": [12, 1, 5],
			"to": [13, 2, 11],
			"rotation": {"angle": 0, "axis": "y", "origin": [17, 8, 8]},
			"faces": {
				"north": {"uv": [0, 0, 1, 1], "texture": "#2"},
				"east": {"uv": [6, 10, 7, 11], "texture": "#2"},
				"south": {"uv": [8, 5, 9, 6], "texture": "#2"},
				"west": {"uv": [0, 0, 1, 1], "texture": "#2"},
				"up": {"uv": [0, 0, 1, 1], "texture": "#2"},
				"down": {"uv": [13, 12, 14, 13], "texture": "#2"}
			}
		},
		{
			"from": [3, 0, 11],
			"to": [4, 1, 12],
			"faces": {
				"north": {"uv": [0, 0, 1, 1], "texture": "#2"},
				"east": {"uv": [6, 10, 7, 11], "texture": "#2"},
				"south": {"uv": [8, 5, 9, 6], "texture": "#2"},
				"west": {"uv": [0, 0, 1, 1], "texture": "#2"},
				"up": {"uv": [0, 0, 1, 1], "texture": "#2"},
				"down": {"uv": [13, 12, 14, 13], "texture": "#2"}
			}
		},
		{
			"from": [12, 0, 11],
			"to": [13, 1, 12],
			"rotation": {"angle": 0, "axis": "y", "origin": [17, 8, 8]},
			"faces": {
				"north": {"uv": [0, 0, 1, 1], "texture": "#2"},
				"east": {"uv": [6, 10, 7, 11], "texture": "#2"},
				"south": {"uv": [8, 5, 9, 6], "texture": "#2"},
				"west": {"uv": [0, 0, 1, 1], "texture": "#2"},
				"up": {"uv": [0, 0, 1, 1], "texture": "#2"},
				"down": {"uv": [13, 12, 14, 13], "texture": "#2"}
			}
		},
		{
			"from": [3, 0, 4],
			"to": [4, 1, 5],
			"faces": {
				"north": {"uv": [0, 0, 1, 1], "texture": "#2"},
				"east": {"uv": [6, 10, 7, 11], "texture": "#2"},
				"south": {"uv": [8, 5, 9, 6], "texture": "#2"},
				"west": {"uv": [0, 0, 1, 1], "texture": "#2"},
				"up": {"uv": [0, 0, 1, 1], "texture": "#2"},
				"down": {"uv": [13, 12, 14, 13], "texture": "#2"}
			}
		},
		{
			"from": [3, 13, 5],
			"to": [4, 14, 6],
			"faces": {
				"north": {"uv": [0, 0, 1, 1], "texture": "#2"},
				"east": {"uv": [6, 10, 7, 11], "texture": "#2"},
				"south": {"uv": [8, 5, 9, 6], "texture": "#2"},
				"west": {"uv": [0, 0, 1, 1], "texture": "#2"},
				"up": {"uv": [0, 0, 1, 1], "texture": "#2"},
				"down": {"uv": [13, 12, 14, 13], "texture": "#2"}
			}
		},
		{
			"from": [3, 14, 5],
			"to": [4, 14.1, 11],
			"rotation": {"angle": 0, "axis": "y", "origin": [8, 9, 8]},
			"faces": {
				"north": {"uv": [0, 0, 1, 1], "texture": "#2"},
				"east": {"uv": [6, 10, 7, 11], "texture": "#2"},
				"south": {"uv": [8, 5, 9, 6], "texture": "#2"},
				"west": {"uv": [0, 0, 1, 1], "texture": "#2"},
				"up": {"uv": [0, 0, 1, 1], "texture": "#2"},
				"down": {"uv": [13, 12, 14, 13], "texture": "#2"}
			}
		},
		{
			"from": [12, 14, 5],
			"to": [13, 14.1, 11],
			"rotation": {"angle": 0, "axis": "y", "origin": [8, 9, 8]},
			"faces": {
				"north": {"uv": [0, 0, 1, 1], "texture": "#2"},
				"east": {"uv": [6, 10, 7, 11], "texture": "#2"},
				"south": {"uv": [8, 5, 9, 6], "texture": "#2"},
				"west": {"uv": [0, 0, 1, 1], "texture": "#2"},
				"up": {"uv": [0, 0, 1, 1], "texture": "#2"},
				"down": {"uv": [13, 12, 14, 13], "texture": "#2"}
			}
		},
		{
			"from": [5.5, 14, 6],
			"to": [6, 14.1, 10],
			"rotation": {"angle": 0, "axis": "y", "origin": [8, 9, 8]},
			"faces": {
				"north": {"uv": [8, 6, 9, 7], "texture": "#0"},
				"east": {"uv": [8, 6, 9, 7], "texture": "#0"},
				"south": {"uv": [8, 6, 9, 7], "texture": "#0"},
				"west": {"uv": [8, 6, 9, 7], "texture": "#0"},
				"up": {"uv": [8, 6, 9, 7], "texture": "#0"},
				"down": {"uv": [8, 6, 9, 7], "texture": "#0"}
			}
		},
		{
			"from": [6, 13, 5.5],
			"to": [10, 14.1, 6],
			"rotation": {"angle": 0, "axis": "y", "origin": [8, 9, 8]},
			"faces": {
				"north": {"uv": [8, 6, 9, 7], "texture": "#0"},
				"east": {"uv": [8, 6, 9, 7], "texture": "#0"},
				"south": {"uv": [8, 6, 9, 7], "texture": "#0"},
				"west": {"uv": [8, 6, 9, 7], "texture": "#0"},
				"up": {"uv": [8, 6, 9, 7], "texture": "#0"},
				"down": {"uv": [8, 6, 9, 7], "texture": "#0"}
			}
		},
		{
			"from": [6, 13, 10],
			"to": [10, 14.1, 10.5],
			"rotation": {"angle": 0, "axis": "y", "origin": [8, 9, 8]},
			"faces": {
				"north": {"uv": [8, 6, 9, 7], "texture": "#0"},
				"east": {"uv": [8, 6, 9, 7], "texture": "#0"},
				"south": {"uv": [8, 6, 9, 7], "texture": "#0"},
				"west": {"uv": [8, 6, 9, 7], "texture": "#0"},
				"up": {"uv": [8, 6, 9, 7], "texture": "#0"},
				"down": {"uv": [8, 6, 9, 7], "texture": "#0"}
			}
		},
		{
			"from": [10, 14, 6],
			"to": [10.5, 14.1, 10],
			"rotation": {"angle": 0, "axis": "y", "origin": [8, 9, 8]},
			"faces": {
				"north": {"uv": [8, 6, 9, 7], "texture": "#0"},
				"east": {"uv": [8, 6, 9, 7], "texture": "#0"},
				"south": {"uv": [8, 6, 9, 7], "texture": "#0"},
				"west": {"uv": [8, 6, 9, 7], "texture": "#0"},
				"up": {"uv": [8, 6, 9, 7], "texture": "#0"},
				"down": {"uv": [8, 6, 9, 7], "texture": "#0"}
			}
		},
		{
			"from": [12, 13, 5],
			"to": [13, 14, 6],
			"rotation": {"angle": 0, "axis": "y", "origin": [17, 8, 8]},
			"faces": {
				"north": {"uv": [0, 0, 1, 1], "texture": "#2"},
				"east": {"uv": [6, 10, 7, 11], "texture": "#2"},
				"south": {"uv": [8, 5, 9, 6], "texture": "#2"},
				"west": {"uv": [0, 0, 1, 1], "texture": "#2"},
				"up": {"uv": [0, 0, 1, 1], "texture": "#2"},
				"down": {"uv": [13, 12, 14, 13], "texture": "#2"}
			}
		},
		{
			"from": [3, 13, 10],
			"to": [4, 14, 11],
			"faces": {
				"north": {"uv": [0, 0, 1, 1], "texture": "#2"},
				"east": {"uv": [6, 10, 7, 11], "texture": "#2"},
				"south": {"uv": [8, 5, 9, 6], "texture": "#2"},
				"west": {"uv": [0, 0, 1, 1], "texture": "#2"},
				"up": {"uv": [0, 0, 1, 1], "texture": "#2"},
				"down": {"uv": [13, 12, 14, 13], "texture": "#2"}
			}
		},
		{
			"from": [12, 13, 10],
			"to": [13, 14, 11],
			"rotation": {"angle": 0, "axis": "y", "origin": [17, 8, 8]},
			"faces": {
				"north": {"uv": [0, 0, 1, 1], "texture": "#2"},
				"east": {"uv": [6, 10, 7, 11], "texture": "#2"},
				"south": {"uv": [8, 5, 9, 6], "texture": "#2"},
				"west": {"uv": [0, 0, 1, 1], "texture": "#2"},
				"up": {"uv": [0, 0, 1, 1], "texture": "#2"},
				"down": {"uv": [13, 12, 14, 13], "texture": "#2"}
			}
		},
		{
			"from": [7, 14, 9],
			"to": [9, 15, 10],
			"rotation": {"angle": 0, "axis": "y", "origin": [17, 8, 8]},
			"faces": {
				"north": {"uv": [8, 6, 9, 7], "texture": "#0"},
				"east": {"uv": [8, 6, 9, 7], "texture": "#0"},
				"south": {"uv": [8, 6, 9, 7], "texture": "#0"},
				"west": {"uv": [8, 6, 9, 7], "texture": "#0"},
				"up": {"uv": [8, 6, 9, 7], "texture": "#0"},
				"down": {"uv": [8, 6, 9, 7], "texture": "#0"}
			}
		},
		{
			"from": [15, 7, 9],
			"to": [16, 9, 10],
			"rotation": {"angle": 0, "axis": "y", "origin": [14, -1, 8]},
			"faces": {
				"north": {"uv": [8, 6, 9, 7], "rotation": 270, "texture": "#0"},
				"east": {"uv": [8, 6, 9, 7], "rotation": 90, "texture": "#0"},
				"south": {"uv": [8, 6, 9, 7], "rotation": 90, "texture": "#0"},
				"west": {"uv": [8, 6, 9, 7], "rotation": 90, "texture": "#0"},
				"up": {"uv": [8, 6, 9, 7], "rotation": 90, "texture": "#0"},
				"down": {"uv": [8, 6, 9, 7], "rotation": 90, "texture": "#0"}
			}
		},
		{
			"from": [7, 14, 6],
			"to": [9, 15, 7],
			"rotation": {"angle": 0, "axis": "y", "origin": [17, 8, 8]},
			"faces": {
				"north": {"uv": [8, 6, 9, 7], "texture": "#0"},
				"east": {"uv": [8, 6, 9, 7], "texture": "#0"},
				"south": {"uv": [8, 6, 9, 7], "texture": "#0"},
				"west": {"uv": [8, 6, 9, 7], "texture": "#0"},
				"up": {"uv": [8, 6, 9, 7], "texture": "#0"},
				"down": {"uv": [8, 6, 9, 7], "texture": "#0"}
			}
		},
		{
			"from": [15, 7, 6],
			"to": [16, 9, 7],
			"rotation": {"angle": 0, "axis": "y", "origin": [14, -1, 8]},
			"faces": {
				"north": {"uv": [8, 6, 9, 7], "rotation": 270, "texture": "#0"},
				"east": {"uv": [8, 6, 9, 7], "rotation": 90, "texture": "#0"},
				"south": {"uv": [8, 6, 9, 7], "rotation": 90, "texture": "#0"},
				"west": {"uv": [8, 6, 9, 7], "rotation": 90, "texture": "#0"},
				"up": {"uv": [8, 6, 9, 7], "rotation": 90, "texture": "#0"},
				"down": {"uv": [8, 6, 9, 7], "rotation": 90, "texture": "#0"}
			}
		},
		{
			"from": [6, 14, 7],
			"to": [7, 15, 9],
			"rotation": {"angle": 0, "axis": "y", "origin": [17, 8, 8]},
			"faces": {
				"north": {"uv": [8, 6, 9, 7], "texture": "#0"},
				"east": {"uv": [8, 6, 9, 7], "texture": "#0"},
				"south": {"uv": [8, 6, 9, 7], "texture": "#0"},
				"west": {"uv": [8, 6, 9, 7], "texture": "#0"},
				"up": {"uv": [8, 6, 9, 7], "texture": "#0"},
				"down": {"uv": [8, 6, 9, 7], "texture": "#0"}
			}
		},
		{
			"from": [15, 9, 7],
			"to": [16, 10, 9],
			"rotation": {"angle": 0, "axis": "y", "origin": [14, -1, 8]},
			"faces": {
				"north": {"uv": [8, 6, 9, 7], "rotation": 270, "texture": "#0"},
				"east": {"uv": [8, 6, 9, 7], "rotation": 90, "texture": "#0"},
				"south": {"uv": [8, 6, 9, 7], "rotation": 90, "texture": "#0"},
				"west": {"uv": [8, 6, 9, 7], "rotation": 90, "texture": "#0"},
				"up": {"uv": [8, 6, 9, 7], "rotation": 90, "texture": "#0"},
				"down": {"uv": [8, 6, 9, 7], "rotation": 90, "texture": "#0"}
			}
		},
		{
			"from": [9, 14, 7],
			"to": [10, 15, 9],
			"rotation": {"angle": 0, "axis": "y", "origin": [17, 8, 8]},
			"faces": {
				"north": {"uv": [8, 6, 9, 7], "texture": "#0"},
				"east": {"uv": [8, 6, 9, 7], "texture": "#0"},
				"south": {"uv": [8, 6, 9, 7], "texture": "#0"},
				"west": {"uv": [8, 6, 9, 7], "texture": "#0"},
				"up": {"uv": [8, 6, 9, 7], "texture": "#0"},
				"down": {"uv": [8, 6, 9, 7], "texture": "#0"}
			}
		},
		{
			"from": [15, 6, 7],
			"to": [16, 7, 9],
			"rotation": {"angle": 0, "axis": "y", "origin": [14, -1, 8]},
			"faces": {
				"north": {"uv": [8, 6, 9, 7], "rotation": 270, "texture": "#0"},
				"east": {"uv": [8, 6, 9, 7], "rotation": 90, "texture": "#0"},
				"south": {"uv": [8, 6, 9, 7], "rotation": 90, "texture": "#0"},
				"west": {"uv": [8, 6, 9, 7], "rotation": 90, "texture": "#0"},
				"up": {"uv": [8, 6, 9, 7], "rotation": 90, "texture": "#0"},
				"down": {"uv": [8, 6, 9, 7], "rotation": 90, "texture": "#0"}
			}
		},
		{
			"from": [14, 7, 7],
			"to": [15.5, 9, 9],
			"rotation": {"angle": 0, "axis": "y", "origin": [14, -1, 8]},
			"faces": {
				"north": {"uv": [8, 6, 9, 7], "rotation": 270, "texture": "#0"},
				"east": {"uv": [6, 6, 8, 8], "rotation": 90, "texture": "#2"},
				"south": {"uv": [8, 6, 9, 7], "rotation": 90, "texture": "#0"},
				"west": {"uv": [8, 6, 9, 7], "rotation": 90, "texture": "#0"},
				"up": {"uv": [8, 6, 9, 7], "rotation": 90, "texture": "#0"},
				"down": {"uv": [8, 6, 9, 7], "rotation": 90, "texture": "#0"}
			}
		},
		{
			"from": [7, 14, 7],
			"to": [9, 14.5, 9],
			"rotation": {"angle": 0, "axis": "y", "origin": [14, -1, 8]},
			"faces": {
				"north": {"uv": [8, 6, 9, 7], "texture": "#0"},
				"east": {"uv": [8, 6, 9, 7], "texture": "#0"},
				"south": {"uv": [8, 6, 9, 7], "texture": "#0"},
				"west": {"uv": [8, 6, 9, 7], "texture": "#0"},
				"up": {"uv": [6, 6, 8, 8], "texture": "#2"},
				"down": {"uv": [8, 6, 9, 7], "texture": "#0"}
			}
		}
	],
	"display": {
		"thirdperson_righthand": {
			"scale": [0.8, 0.8, 0.8]
		},
		"thirdperson_lefthand": {
			"scale": [0.8, 0.8, 0.8]
		},
		"firstperson_righthand": {
			"scale": [0.8, 0.8, 0.8]
		},
		"firstperson_lefthand": {
			"scale": [0.8, 0.8, 0.8]
		},
		"gui": {
			"rotation": [20, 44, 0],
			"scale": [0.8, 0.8, 0.8]
		},
		"head": {
			"scale": [2, 2, 2]
		}
	},
	"groups": [
		{
			"name": "OUTLINE",
			"origin": [8, 8, 8],
			"children": [0, 1, 2, 3, 4, 5, 6, 7, 8, 9, 10, 11]
		},
		{
			"name": "INNER",
			"origin": [8, 8, 8],
			"children": [12, 13, 14, 15, 16]
		},
		{
			"name": "LEG",
			"origin": [8, 8, 8],
			"children": [17, 18, 19, 20, 21, 22]
		}, 23, 24, 25, 26, 27, 28, 29, 30, 31, 32, 33, 34, 35, 36, 37, 38, 39, 40, 41, 42]
}