{
	"credit": "Made with Blockbench",
	"textures": {
		"0": "smd/iron_sword",
		"particle": "smd/iron_sword"
	},
	"elements": [
		{
			"from": [0.95, 0, 0.84],
			"to": [1.15, 0.5, 1.14],
			"rotation": {"angle": 0, "axis": "y", "origin": [8, 9, 8]},
			"faces": {
				"north": {"uv": [3, 11, 4.5, 13], "texture": "#0"},
				"east": {"uv": [3, 11, 4.5, 13], "texture": "#0"},
				"south": {"uv": [3, 11, 4.5, 13], "texture": "#0"},
				"west": {"uv": [3, 11, 4.5, 13], "texture": "#0"},
				"up": {"uv": [3, 11, 4.5, 13], "texture": "#0"},
				"down": {"uv": [3, 11, 4.5, 13], "texture": "#0"}
			}
		},
		{
			"from": [0.95, 1, 0.84],
			"to": [1.15, 1.5, 1.14],
			"rotation": {"angle": 0, "axis": "y", "origin": [8, 9, 8]},
			"faces": {
				"north": {"uv": [3, 11, 4.5, 13], "texture": "#0"},
				"east": {"uv": [3, 11, 4.5, 13], "texture": "#0"},
				"south": {"uv": [3, 11, 4.5, 13], "texture": "#0"},
				"west": {"uv": [3, 11, 4.5, 13], "texture": "#0"},
				"up": {"uv": [3, 11, 4.5, 13], "texture": "#0"},
				"down": {"uv": [3, 11, 4.5, 13], "texture": "#0"}
			}
		},
		{
			"from": [0.95, 0.5, 0.84],
			"to": [1.15, 1, 1.14],
			"rotation": {"angle": 0, "axis": "y", "origin": [8, 9, 8]},
			"faces": {
				"north": {"uv": [4, 10, 5.5, 11], "texture": "#0"},
				"east": {"uv": [4, 10, 5.5, 11], "texture": "#0"},
				"south": {"uv": [4, 10, 5.5, 11], "texture": "#0"},
				"west": {"uv": [4, 10, 5.5, 11], "texture": "#0"},
				"up": {"uv": [4, 10, 5.5, 11], "texture": "#0"},
				"down": {"uv": [4, 10, 5.5, 11], "texture": "#0"}
			}
		},
		{
			"from": [0.95, 1.5, 0.84],
			"to": [1.15, 2, 1.14],
			"rotation": {"angle": 0, "axis": "y", "origin": [8, 9, 8]},
			"faces": {
				"north": {"uv": [3, 12, 4.5, 13], "texture": "#0"},
				"east": {"uv": [3, 12, 4.5, 13], "texture": "#0"},
				"south": {"uv": [3, 12, 4.5, 13], "texture": "#0"},
				"west": {"uv": [3, 12, 4.5, 13], "texture": "#0"},
				"up": {"uv": [3, 12, 4.5, 13], "texture": "#0"},
				"down": {"uv": [3, 12, 4.5, 13], "texture": "#0"}
			}
		},
		{
			"from": [0.85, 1.9, 0.58],
			"to": [1.25, 2.1, 1.38],
			"rotation": {"angle": 0, "axis": "y", "origin": [8, 9, 8]},
			"faces": {
				"north": {"uv": [0, 13, 2, 15], "texture": "#0"},
				"east": {"uv": [0, 13, 2, 15], "texture": "#0"},
				"south": {"uv": [0, 13, 2, 15], "texture": "#0"},
				"west": {"uv": [0, 13, 2, 15], "texture": "#0"},
				"up": {"uv": [0, 13, 2, 15], "texture": "#0"},
				"down": {"uv": [0, 13, 2, 15], "texture": "#0"}
			}
		},
		{
			"from": [1.038, 2, 0.76],
			"to": [1.058, 11, 0.8],
			"rotation": {"angle": 0, "axis": "y", "origin": [8, 9, 8]},
			"faces": {
				"north": {"uv": [10, 4, 11, 5], "texture": "#0"},
				"east": {"uv": [10, 4, 11, 5], "texture": "#0"},
				"south": {"uv": [10, 4, 11, 5], "texture": "#0"},
				"west": {"uv": [10, 4, 11, 5], "texture": "#0"},
				"up": {"uv": [10, 4, 11, 5], "texture": "#0"},
				"down": {"uv": [10, 4, 11, 5], "texture": "#0"}
			}
		},
		{
			"from": [1.01, 2, 1],
			"to": [1.08, 11.58, 1.1],
			"rotation": {"angle": 0, "axis": "y", "origin": [8, 9, 8]},
			"faces": {
				"north": {"uv": [13, 2, 14, 3], "texture": "#0"},
				"east": {"uv": [13, 2, 14, 3], "texture": "#0"},
				"south": {"uv": [13, 2, 14, 3], "texture": "#0"},
				"west": {"uv": [13, 2, 14, 3], "texture": "#0"},
				"up": {"uv": [13, 2, 14, 3], "texture": "#0"},
				"down": {"uv": [13, 2, 14, 3], "texture": "#0"}
			}
		},
		{
			"from": [1.02, 2, 0.9],
			"to": [1.07, 11.345, 1],
			"rotation": {"angle": 0, "axis": "y", "origin": [8, 9, 8]},
			"faces": {
				"north": {"uv": [7, 7, 8, 8], "texture": "#0"},
				"east": {"uv": [8, 7, 9, 8], "texture": "#0"},
				"south": {"uv": [7, 7, 8, 8], "texture": "#0"},
				"west": {"uv": [7, 7, 8, 8], "texture": "#0"},
				"up": {"uv": [7, 7, 8, 8], "texture": "#0"},
				"down": {"uv": [7, 7, 8, 8], "texture": "#0"}
			}
		},
		{
			"from": [1.032, 2, 0.8],
			"to": [1.062, 11.1, 0.9],
			"rotation": {"angle": 0, "axis": "y", "origin": [8, 9, 8]},
			"faces": {
				"north": {"uv": [8, 6, 9.1, 7.1], "texture": "#0"},
				"east": {"uv": [8, 6, 9, 7], "texture": "#0"},
				"south": {"uv": [8, 6, 9.1, 7.1], "texture": "#0"},
				"west": {"uv": [8, 6, 9.1, 7.1], "texture": "#0"},
				"up": {"uv": [8, 6, 9.1, 7.1], "texture": "#0"},
				"down": {"uv": [8, 6, 9.1, 7.1], "texture": "#0"}
			}
		},
		{
			"from": [0.995, 2, 1.1],
			"to": [1.095, 11.8, 1.2],
			"rotation": {"angle": 0, "axis": "y", "origin": [8, 9, 8]},
			"faces": {
				"north": {"uv": [7, 8, 8, 9], "texture": "#0"},
				"east": {"uv": [7, 8, 8, 9], "texture": "#0"},
				"south": {"uv": [7, 8, 8, 9], "texture": "#0"},
				"west": {"uv": [7, 8, 8, 9], "texture": "#0"},
				"up": {"uv": [7, 8, 8, 9], "texture": "#0"},
				"down": {"uv": [7, 8, 8, 9], "texture": "#0"}
			}
		},
		{
			"from": [1.01, 8.705, 0.545],
			"to": [1.08, 8.987, 0.645],
			"rotation": {"angle": 22.5, "axis": "x", "origin": [8, 9, 8]},
			"faces": {
				"north": {"uv": [13, 2, 14, 3], "texture": "#0"},
				"east": {"uv": [13, 2, 14, 3], "texture": "#0"},
				"south": {"uv": [13, 2, 14, 3], "texture": "#0"},
				"west": {"uv": [13, 2, 14, 3], "texture": "#0"},
				"up": {"uv": [13, 2, 14, 3], "texture": "#0"},
				"down": {"uv": [13, 2, 14, 3], "texture": "#0"}
			}
		},
		{
			"from": [1.02, 8.45, 0.545],
			"to": [1.07, 8.7, 0.645],
			"rotation": {"angle": 22.5, "axis": "x", "origin": [8, 9, 8]},
			"faces": {
				"north": {"uv": [8, 7, 9, 8], "texture": "#0"},
				"east": {"uv": [8, 7, 9, 8], "texture": "#0"},
				"south": {"uv": [8, 7, 9, 8], "texture": "#0"},
				"west": {"uv": [8, 7, 9, 8], "texture": "#0"},
				"up": {"uv": [8, 7, 9, 8], "texture": "#0"},
				"down": {"uv": [8, 7, 9, 8], "texture": "#0"}
			}
		},
		{
			"from": [1.032, 8.187, 0.545],
			"to": [1.062, 8.455, 0.645],
			"rotation": {"angle": 22.5, "axis": "x", "origin": [8, 9, 8]},
			"faces": {
				"north": {"uv": [8, 6, 9, 7], "texture": "#0"},
				"east": {"uv": [8, 6, 9, 7], "texture": "#0"},
				"south": {"uv": [8, 6, 9, 7], "texture": "#0"},
				"west": {"uv": [8, 6, 9, 7], "texture": "#0"},
				"up": {"uv": [8, 6, 9, 7], "texture": "#0"},
				"down": {"uv": [8, 6, 9, 7], "texture": "#0"}
			}
		},
		{
			"from": [1.038, 8.077, 0.545],
			"to": [1.058, 8.187, 0.645],
			"rotation": {"angle": 22.5, "axis": "x", "origin": [8, 9, 8]},
			"faces": {
				"north": {"uv": [10, 4, 11, 5], "texture": "#0"},
				"east": {"uv": [10, 4, 11, 5], "texture": "#0"},
				"south": {"uv": [10, 4, 11, 5], "texture": "#0"},
				"west": {"uv": [10, 4, 11, 5], "texture": "#0"},
				"up": {"uv": [10, 4, 11, 5], "texture": "#0"},
				"down": {"uv": [10, 4, 11, 5], "texture": "#0"}
			}
		}
	],
	"display": {
		"thirdperson_righthand": {
			"rotation": [36, 0, 0],
			"translation": [8.65, 2.25, 14.5],
			"scale": [1.25, 1.25, 1.25]
		},
		"thirdperson_lefthand": {
			"rotation": [-10, 0, 0],
			"translation": [-10.5, 11, 9.5],
			"scale": [1.5, 1.5, 1.5]
		},
		"firstperson_righthand": {
			"rotation": [-12, 12, 5],
			"translation": [3.5, 13.4, 9]
		},
		"firstperson_lefthand": {
			"rotation": [5, 70, -30],
			"translation": [10.25, 14, 8.75],
			"scale": [1.5, 1.5, 1.5]
		},
		"ground": {
			"rotation": [-38, 0, 85],
			"translation": [0, 6.5, 0]
		},
		"gui": {
			"rotation": [45, 0, 30],
			"translation": [15.75, -4.75, 0],
			"scale": [3, 2, 3]
		},
		"head": {
			"scale": [0, 0, 0]
		},
		"fixed": {
			"rotation": [45, 90, 90],
			"translation": [13.75, 11.25, 4.25],
			"scale": [2, 2, 2]
		}
	}
}