{
	"credit": "Made with Blockbench",
	"textures": {
		"0": "3mg/anvil",
		"1": "3mg/blast_furnace_side",
		"4": "3mg/iron_block"
	},
	"elements": [
		{
			"from": [8, 5, 0],
			"to": [10, 5.2, 14],
			"faces": {
				"north": {"uv": [3, 10, 10, 11], "texture": "#1"},
				"east": {"uv": [3, 10, 10, 11], "texture": "#1"},
				"south": {"uv": [3, 10, 10, 11], "texture": "#1"},
				"west": {"uv": [3, 10, 10, 11], "texture": "#1"},
				"up": {"uv": [3, 10, 10, 11], "texture": "#1"},
				"down": {"uv": [3, 10, 10, 11], "texture": "#1"}
			}
		},
		{
			"from": [8, 2, 1],
			"to": [10, 5, 13.5],
			"faces": {
				"north": {"uv": [5, 6, 7, 9], "texture": "#0"},
				"east": {"uv": [5, 6, 7, 9], "texture": "#0"},
				"south": {"uv": [5, 6, 7, 9], "texture": "#0"},
				"west": {"uv": [5, 6, 7, 9], "texture": "#0"},
				"up": {"uv": [5, 6, 7, 9], "texture": "#0"},
				"down": {"uv": [5, 6, 7, 9], "texture": "#0"}
			}
		},
		{
			"from": [8, 5.4, 1],
			"to": [10, 6.2, 2],
			"faces": {
				"north": {"uv": [5, 6, 7, 9], "texture": "#0"},
				"east": {"uv": [5, 6, 7, 9], "texture": "#0"},
				"south": {"uv": [5, 6, 7, 9], "texture": "#0"},
				"west": {"uv": [5, 6, 7, 9], "texture": "#0"},
				"up": {"uv": [5, 6, 7, 9], "texture": "#0"},
				"down": {"uv": [5, 6, 7, 9], "texture": "#0"}
			}
		},
		{
			"from": [8, 7.6, 6],
			"to": [10, 8.1, 7],
			"rotation": {"angle": 0, "axis": "y", "origin": [8, 8, 13]},
			"faces": {
				"north": {"uv": [5, 6, 7, 9], "texture": "#0"},
				"east": {"uv": [5, 6, 7, 9], "texture": "#0"},
				"south": {"uv": [5, 6, 7, 9], "texture": "#0"},
				"west": {"uv": [5, 6, 7, 9], "texture": "#0"},
				"up": {"uv": [5, 6, 7, 9], "texture": "#0"},
				"down": {"uv": [5, 6, 7, 9], "texture": "#0"}
			}
		},
		{
			"from": [8, 7.6, 11],
			"to": [10, 8.1, 12],
			"rotation": {"angle": 0, "axis": "y", "origin": [8, 8, 18]},
			"faces": {
				"north": {"uv": [5, 6, 7, 9], "texture": "#0"},
				"east": {"uv": [5, 6, 7, 9], "texture": "#0"},
				"south": {"uv": [5, 6, 7, 9], "texture": "#0"},
				"west": {"uv": [5, 6, 7, 9], "texture": "#0"},
				"up": {"uv": [5, 6, 7, 9], "texture": "#0"},
				"down": {"uv": [5, 6, 7, 9], "texture": "#0"}
			}
		},
		{
			"from": [10, 5.5, 1],
			"to": [11, 5.7, 2],
			"faces": {
				"north": {"uv": [12, 10, 14, 13], "texture": "#0"},
				"east": {"uv": [12, 10, 14, 13], "texture": "#0"},
				"south": {"uv": [12, 10, 14, 13], "texture": "#0"},
				"west": {"uv": [12, 10, 14, 13], "texture": "#0"},
				"up": {"uv": [12, 10, 14, 13], "texture": "#0"},
				"down": {"uv": [12, 10, 14, 13], "texture": "#0"}
			}
		},
		{
			"from": [10.5, 5.5, 6],
			"to": [11, 5.7, 7],
			"faces": {
				"north": {"uv": [12, 10, 14, 13], "texture": "#0"},
				"east": {"uv": [12, 10, 14, 13], "texture": "#0"},
				"south": {"uv": [12, 10, 14, 13], "texture": "#0"},
				"west": {"uv": [12, 10, 14, 13], "texture": "#0"},
				"up": {"uv": [12, 10, 14, 13], "texture": "#0"},
				"down": {"uv": [12, 10, 14, 13], "texture": "#0"}
			}
		},
		{
			"from": [10.5, 5.5, 11],
			"to": [11, 5.7, 12],
			"rotation": {"angle": 0, "axis": "y", "origin": [8, 8, 13]},
			"faces": {
				"north": {"uv": [12, 10, 14, 13], "texture": "#0"},
				"east": {"uv": [12, 10, 14, 13], "texture": "#0"},
				"south": {"uv": [12, 10, 14, 13], "texture": "#0"},
				"west": {"uv": [12, 10, 14, 13], "texture": "#0"},
				"up": {"uv": [12, 10, 14, 13], "texture": "#0"},
				"down": {"uv": [12, 10, 14, 13], "texture": "#0"}
			}
		},
		{
			"from": [7, 5.5, 6],
			"to": [7.5, 5.7, 7],
			"faces": {
				"north": {"uv": [12, 10, 14, 13], "texture": "#0"},
				"east": {"uv": [12, 10, 14, 13], "texture": "#0"},
				"south": {"uv": [12, 10, 14, 13], "texture": "#0"},
				"west": {"uv": [12, 10, 14, 13], "texture": "#0"},
				"up": {"uv": [12, 10, 14, 13], "texture": "#0"},
				"down": {"uv": [12, 10, 14, 13], "texture": "#0"}
			}
		},
		{
			"from": [7, 5.5, 11],
			"to": [7.5, 5.7, 12],
			"rotation": {"angle": 0, "axis": "y", "origin": [8, 8, 13]},
			"faces": {
				"north": {"uv": [12, 10, 14, 13], "texture": "#0"},
				"east": {"uv": [12, 10, 14, 13], "texture": "#0"},
				"south": {"uv": [12, 10, 14, 13], "texture": "#0"},
				"west": {"uv": [12, 10, 14, 13], "texture": "#0"},
				"up": {"uv": [12, 10, 14, 13], "texture": "#0"},
				"down": {"uv": [12, 10, 14, 13], "texture": "#0"}
			}
		},
		{
			"from": [10, 5.5, 6],
			"to": [10.5, 7.9, 7],
			"rotation": {"angle": 0, "axis": "y", "origin": [8, 8, 13]},
			"faces": {
				"north": {"uv": [12, 10, 14, 13], "texture": "#0"},
				"east": {"uv": [12, 10, 14, 13], "texture": "#0"},
				"south": {"uv": [12, 10, 14, 13], "texture": "#0"},
				"west": {"uv": [12, 10, 14, 13], "texture": "#0"},
				"up": {"uv": [12, 10, 14, 13], "texture": "#0"},
				"down": {"uv": [12, 10, 14, 13], "texture": "#0"}
			}
		},
		{
			"from": [10, 5.5, 11],
			"to": [10.5, 7.9, 12],
			"rotation": {"angle": 0, "axis": "y", "origin": [8, 8, 18]},
			"faces": {
				"north": {"uv": [12, 10, 14, 13], "texture": "#0"},
				"east": {"uv": [12, 10, 14, 13], "texture": "#0"},
				"south": {"uv": [12, 10, 14, 13], "texture": "#0"},
				"west": {"uv": [12, 10, 14, 13], "texture": "#0"},
				"up": {"uv": [12, 10, 14, 13], "texture": "#0"},
				"down": {"uv": [12, 10, 14, 13], "texture": "#0"}
			}
		},
		{
			"from": [7, 0.8, 1],
			"to": [11, 1, 2],
			"faces": {
				"north": {"uv": [12, 10, 14, 13], "texture": "#0"},
				"east": {"uv": [12, 10, 14, 13], "texture": "#0"},
				"south": {"uv": [12, 10, 14, 13], "texture": "#0"},
				"west": {"uv": [12, 10, 14, 13], "texture": "#0"},
				"up": {"uv": [12, 10, 14, 13], "texture": "#0"},
				"down": {"uv": [12, 10, 14, 13], "texture": "#0"}
			}
		},
		{
			"from": [7, 0.8, 11],
			"to": [11, 1, 12],
			"rotation": {"angle": 0, "axis": "y", "origin": [8, 8, 18]},
			"faces": {
				"north": {"uv": [12, 10, 14, 13], "texture": "#0"},
				"east": {"uv": [12, 10, 14, 13], "texture": "#0"},
				"south": {"uv": [12, 10, 14, 13], "texture": "#0"},
				"west": {"uv": [12, 10, 14, 13], "texture": "#0"},
				"up": {"uv": [12, 10, 14, 13], "texture": "#0"},
				"down": {"uv": [12, 10, 14, 13], "texture": "#0"}
			}
		},
		{
			"from": [7, 0.8, 6],
			"to": [11, 1, 7],
			"rotation": {"angle": 0, "axis": "y", "origin": [8, 8, 13]},
			"faces": {
				"north": {"uv": [12, 10, 14, 13], "texture": "#0"},
				"east": {"uv": [12, 10, 14, 13], "texture": "#0"},
				"south": {"uv": [12, 10, 14, 13], "texture": "#0"},
				"west": {"uv": [12, 10, 14, 13], "texture": "#0"},
				"up": {"uv": [12, 10, 14, 13], "texture": "#0"},
				"down": {"uv": [12, 10, 14, 13], "texture": "#0"}
			}
		},
		{
			"from": [11, 0.8, 1],
			"to": [11.2, 5.7, 2],
			"faces": {
				"north": {"uv": [12, 10, 14, 13], "texture": "#0"},
				"east": {"uv": [12, 10, 14, 13], "texture": "#0"},
				"south": {"uv": [12, 10, 14, 13], "texture": "#0"},
				"west": {"uv": [12, 10, 14, 13], "texture": "#0"},
				"up": {"uv": [12, 10, 14, 13], "texture": "#0"},
				"down": {"uv": [12, 10, 14, 13], "texture": "#0"}
			}
		},
		{
			"from": [11, 0.8, 11],
			"to": [11.2, 5.7, 12],
			"rotation": {"angle": 0, "axis": "y", "origin": [8, 8, 18]},
			"faces": {
				"north": {"uv": [12, 10, 14, 13], "texture": "#0"},
				"east": {"uv": [12, 10, 14, 13], "texture": "#0"},
				"south": {"uv": [12, 10, 14, 13], "texture": "#0"},
				"west": {"uv": [12, 10, 14, 13], "texture": "#0"},
				"up": {"uv": [12, 10, 14, 13], "texture": "#0"},
				"down": {"uv": [12, 10, 14, 13], "texture": "#0"}
			}
		},
		{
			"from": [11, 0.8, 6],
			"to": [11.2, 5.7, 7],
			"rotation": {"angle": 0, "axis": "y", "origin": [8, 8, 13]},
			"faces": {
				"north": {"uv": [12, 10, 14, 13], "texture": "#0"},
				"east": {"uv": [12, 10, 14, 13], "texture": "#0"},
				"south": {"uv": [12, 10, 14, 13], "texture": "#0"},
				"west": {"uv": [12, 10, 14, 13], "texture": "#0"},
				"up": {"uv": [12, 10, 14, 13], "texture": "#0"},
				"down": {"uv": [12, 10, 14, 13], "texture": "#0"}
			}
		},
		{
			"from": [6.8, 0.8, 1],
			"to": [7, 5.7, 2],
			"faces": {
				"north": {"uv": [12, 10, 14, 13], "texture": "#0"},
				"east": {"uv": [12, 10, 14, 13], "texture": "#0"},
				"south": {"uv": [12, 10, 14, 13], "texture": "#0"},
				"west": {"uv": [12, 10, 14, 13], "texture": "#0"},
				"up": {"uv": [12, 10, 14, 13], "texture": "#0"},
				"down": {"uv": [12, 10, 14, 13], "texture": "#0"}
			}
		},
		{
			"from": [6.8, 0.8, 11],
			"to": [7, 5.7, 12],
			"rotation": {"angle": 0, "axis": "y", "origin": [8, 8, 18]},
			"faces": {
				"north": {"uv": [12, 10, 14, 13], "texture": "#0"},
				"east": {"uv": [12, 10, 14, 13], "texture": "#0"},
				"south": {"uv": [12, 10, 14, 13], "texture": "#0"},
				"west": {"uv": [12, 10, 14, 13], "texture": "#0"},
				"up": {"uv": [12, 10, 14, 13], "texture": "#0"},
				"down": {"uv": [12, 10, 14, 13], "texture": "#0"}
			}
		},
		{
			"from": [6.8, 0.8, 6],
			"to": [7, 5.7, 7],
			"rotation": {"angle": 0, "axis": "y", "origin": [8, 8, 13]},
			"faces": {
				"north": {"uv": [12, 10, 14, 13], "texture": "#0"},
				"east": {"uv": [12, 10, 14, 13], "texture": "#0"},
				"south": {"uv": [12, 10, 14, 13], "texture": "#0"},
				"west": {"uv": [12, 10, 14, 13], "texture": "#0"},
				"up": {"uv": [12, 10, 14, 13], "texture": "#0"},
				"down": {"uv": [12, 10, 14, 13], "texture": "#0"}
			}
		},
		{
			"from": [7, 5.5, 1],
			"to": [8, 5.7, 2],
			"faces": {
				"north": {"uv": [12, 10, 14, 13], "texture": "#0"},
				"east": {"uv": [12, 10, 14, 13], "texture": "#0"},
				"south": {"uv": [12, 10, 14, 13], "texture": "#0"},
				"west": {"uv": [12, 10, 14, 13], "texture": "#0"},
				"up": {"uv": [12, 10, 14, 13], "texture": "#0"},
				"down": {"uv": [12, 10, 14, 13], "texture": "#0"}
			}
		},
		{
			"from": [7.5, 5.5, 6],
			"to": [8, 7.9, 7],
			"rotation": {"angle": 0, "axis": "y", "origin": [8, 8, 13]},
			"faces": {
				"north": {"uv": [12, 10, 14, 13], "texture": "#0"},
				"east": {"uv": [12, 10, 14, 13], "texture": "#0"},
				"south": {"uv": [12, 10, 14, 13], "texture": "#0"},
				"west": {"uv": [12, 10, 14, 13], "texture": "#0"},
				"up": {"uv": [12, 10, 14, 13], "texture": "#0"},
				"down": {"uv": [12, 10, 14, 13], "texture": "#0"}
			}
		},
		{
			"from": [7.5, 5.5, 11],
			"to": [8, 7.9, 12],
			"rotation": {"angle": 0, "axis": "y", "origin": [8, 8, 18]},
			"faces": {
				"north": {"uv": [12, 10, 14, 13], "texture": "#0"},
				"east": {"uv": [12, 10, 14, 13], "texture": "#0"},
				"south": {"uv": [12, 10, 14, 13], "texture": "#0"},
				"west": {"uv": [12, 10, 14, 13], "texture": "#0"},
				"up": {"uv": [12, 10, 14, 13], "texture": "#0"},
				"down": {"uv": [12, 10, 14, 13], "texture": "#0"}
			}
		},
		{
			"from": [7, 1, 0],
			"to": [8, 5.5, 14],
			"faces": {
				"north": {"uv": [3, 10, 10, 11], "texture": "#1"},
				"east": {"uv": [3, 10, 10, 11], "texture": "#1"},
				"south": {"uv": [3, 10, 10, 11], "texture": "#1"},
				"west": {"uv": [3, 10, 10, 11], "texture": "#1"},
				"up": {"uv": [3, 10, 10, 11], "texture": "#1"},
				"down": {"uv": [3, 10, 10, 11], "texture": "#1"}
			}
		},
		{
			"from": [10, 1, 0],
			"to": [11, 5.5, 14],
			"faces": {
				"north": {"uv": [3, 10, 10, 11], "texture": "#1"},
				"east": {"uv": [3, 10, 10, 11], "texture": "#1"},
				"south": {"uv": [3, 10, 10, 11], "texture": "#1"},
				"west": {"uv": [3, 10, 10, 11], "texture": "#1"},
				"up": {"uv": [3, 10, 10, 11], "texture": "#1"},
				"down": {"uv": [3, 10, 10, 11], "texture": "#1"}
			}
		},
		{
			"from": [8, 1, 0],
			"to": [10, 2, 14],
			"faces": {
				"north": {"uv": [3, 10, 10, 11], "texture": "#1"},
				"east": {"uv": [3, 10, 10, 11], "texture": "#1"},
				"south": {"uv": [3, 10, 10, 11], "texture": "#1"},
				"west": {"uv": [3, 10, 10, 11], "texture": "#1"},
				"up": {"uv": [3, 10, 10, 11], "texture": "#1"},
				"down": {"uv": [3, 10, 10, 11], "texture": "#1"}
			}
		},
		{
			"from": [9.43, 2, 0],
			"to": [9.7157, 5, 0.5],
			"faces": {
				"north": {"uv": [3, 10, 10, 11], "texture": "#1"},
				"east": {"uv": [3, 10, 10, 11], "texture": "#1"},
				"south": {"uv": [3, 10, 10, 11], "texture": "#1"},
				"west": {"uv": [3, 10, 10, 11], "texture": "#1"},
				"up": {"uv": [3, 10, 10, 11], "texture": "#1"},
				"down": {"uv": [3, 10, 10, 11], "texture": "#1"}
			}
		},
		{
			"from": [9.8, 2.75, -0.5],
			"to": [9.9, 4.25, 0.5],
			"faces": {
				"north": {"uv": [2, 6, 9, 7], "texture": "#4"},
				"east": {"uv": [2, 6, 9, 7], "texture": "#4"},
				"south": {"uv": [2, 6, 9, 7], "texture": "#4"},
				"west": {"uv": [2, 6, 9, 7], "texture": "#4"},
				"up": {"uv": [2, 6, 9, 7], "texture": "#4"},
				"down": {"uv": [2, 6, 9, 7], "texture": "#4"}
			}
		},
		{
			"from": [9.25, 2.75, -0.7],
			"to": [9.35, 4.25, 0.6],
			"faces": {
				"north": {"uv": [2, 5, 9, 6], "texture": "#4"},
				"east": {"uv": [2, 5, 9, 6], "texture": "#4"},
				"south": {"uv": [2, 5, 9, 6], "texture": "#4"},
				"west": {"uv": [2, 5, 9, 6], "texture": "#4"},
				"up": {"uv": [2, 5, 9, 6], "texture": "#4"},
				"down": {"uv": [2, 5, 9, 6], "texture": "#4"}
			}
		},
		{
			"from": [8.67, 2.75, -0.7],
			"to": [8.77, 4.25, 0.6],
			"faces": {
				"north": {"uv": [7, 4, 14, 5], "texture": "#4"},
				"east": {"uv": [7, 4, 14, 5], "texture": "#4"},
				"south": {"uv": [7, 4, 14, 5], "texture": "#4"},
				"west": {"uv": [7, 4, 14, 5], "texture": "#4"},
				"up": {"uv": [7, 4, 14, 5], "texture": "#4"},
				"down": {"uv": [7, 4, 14, 5], "texture": "#4"}
			}
		},
		{
			"from": [8.1, 2.75, -0.5],
			"to": [8.2, 4.25, 0.5],
			"faces": {
				"north": {"uv": [1, 6, 8, 7], "texture": "#4"},
				"east": {"uv": [1, 6, 8, 7], "texture": "#4"},
				"south": {"uv": [1, 6, 8, 7], "texture": "#4"},
				"west": {"uv": [1, 6, 8, 7], "texture": "#4"},
				"up": {"uv": [1, 6, 8, 7], "texture": "#4"},
				"down": {"uv": [1, 6, 8, 7], "texture": "#4"}
			}
		},
		{
			"from": [8.2, 2.6, 13.5],
			"to": [9.8, 2.8, 13.6],
			"faces": {
				"north": {"uv": [0, 0, 1, 16], "texture": "#4"},
				"east": {"uv": [0, 0, 1, 16], "texture": "#4"},
				"south": {"uv": [0, 0, 1, 16], "texture": "#4"},
				"west": {"uv": [0, 0, 1, 16], "texture": "#4"},
				"up": {"uv": [0, 0, 1, 16], "texture": "#4"},
				"down": {"uv": [0, 0, 1, 16], "texture": "#4"}
			}
		},
		{
			"from": [8.86, 2, 0],
			"to": [9.1457, 5, 0.5],
			"faces": {
				"north": {"uv": [3, 10, 10, 11], "texture": "#1"},
				"east": {"uv": [3, 10, 10, 11], "texture": "#1"},
				"south": {"uv": [3, 10, 10, 11], "texture": "#1"},
				"west": {"uv": [3, 10, 10, 11], "texture": "#1"},
				"up": {"uv": [3, 10, 10, 11], "texture": "#1"},
				"down": {"uv": [3, 10, 10, 11], "texture": "#1"}
			}
		},
		{
			"from": [8.29, 2, 0],
			"to": [8.5757, 5, 0.5],
			"faces": {
				"north": {"uv": [3, 10, 10, 11], "texture": "#1"},
				"east": {"uv": [3, 10, 10, 11], "texture": "#1"},
				"south": {"uv": [3, 10, 10, 11], "texture": "#1"},
				"west": {"uv": [3, 10, 10, 11], "texture": "#1"},
				"up": {"uv": [3, 10, 10, 11], "texture": "#1"},
				"down": {"uv": [3, 10, 10, 11], "texture": "#1"}
			}
		},
		{
			"from": [8, 3, 13.5],
			"to": [10, 4.5, 14],
			"faces": {
				"north": {"uv": [3, 10, 10, 11], "texture": "#1"},
				"east": {"uv": [3, 10, 10, 11], "texture": "#1"},
				"south": {"uv": [3, 10, 10, 11], "texture": "#1"},
				"west": {"uv": [3, 10, 10, 11], "texture": "#1"},
				"up": {"uv": [3, 10, 10, 11], "texture": "#1"},
				"down": {"uv": [3, 10, 10, 11], "texture": "#1"}
			}
		},
		{
			"from": [8.5, 4.5, 14],
			"to": [9.5, 5, 14.5],
			"faces": {
				"north": {"uv": [3, 10, 10, 11], "texture": "#1"},
				"east": {"uv": [3, 10, 10, 11], "texture": "#1"},
				"south": {"uv": [3, 10, 10, 11], "texture": "#1"},
				"west": {"uv": [3, 10, 10, 11], "texture": "#1"},
				"up": {"uv": [3, 10, 10, 11], "texture": "#1"},
				"down": {"uv": [3, 10, 10, 11], "texture": "#1"}
			}
		},
		{
			"from": [8, 3, 14],
			"to": [10, 3.5, 14.5],
			"faces": {
				"north": {"uv": [3, 10, 10, 11], "texture": "#1"},
				"east": {"uv": [3, 10, 10, 11], "texture": "#1"},
				"south": {"uv": [3, 10, 10, 11], "texture": "#1"},
				"west": {"uv": [3, 10, 10, 11], "texture": "#1"},
				"up": {"uv": [3, 10, 10, 11], "texture": "#1"},
				"down": {"uv": [3, 10, 10, 11], "texture": "#1"}
			}
		},
		{
			"from": [8.5, 1.5, 14],
			"to": [9.5, 2, 14.5],
			"faces": {
				"north": {"uv": [3, 10, 10, 11], "texture": "#1"},
				"east": {"uv": [3, 10, 10, 11], "texture": "#1"},
				"south": {"uv": [3, 10, 10, 11], "texture": "#1"},
				"west": {"uv": [3, 10, 10, 11], "texture": "#1"},
				"up": {"uv": [3, 10, 10, 11], "texture": "#1"},
				"down": {"uv": [3, 10, 10, 11], "texture": "#1"}
			}
		}
	],
	"display": {
		"thirdperson_righthand": {
			"rotation": [0, 89, 69],
			"translation": [0.75, 0, 0.5],
			"scale": [0.8, 0.8, 0.8]
		},
		"thirdperson_lefthand": {
			"rotation": [0, 89, 69],
			"translation": [0.75, 0, 0.5],
			"scale": [0.8, 0.8, 0.8]
		},
		"firstperson_righthand": {
			"rotation": [5, 89, 0],
			"translation": [0, 4.5, 0.25]
		},
		"firstperson_lefthand": {
			"rotation": [5, 89, 0],
			"translation": [0, 4.5, 0.25]
		},
		"ground": {
			"rotation": [-1, 0, 0],
			"translation": [0, 2.25, 0],
			"scale": [0.8, 0.8, 0.8]
		},
		"gui": {
			"rotation": [18, 148, 0],
			"translation": [1.5, 3.75, 6.25]
		},
		"head": {
			"translation": [1, 0, 1],
			"scale": [0, 0, 0]
		},
		"fixed": {
			"rotation": [0, 90, 0],
			"translation": [0, 3.5, 0]
		}
	},
	"groups": [
		{
			"name": "injector",
			"origin": [8, 8, 8],
			"children": [0, 1, 2, 3, 4, 5, 6, 7, 8, 9, 10, 11, 12, 13, 14, 15, 16, 17, 18, 19, 20, 21, 22, 23, 24, 25, 26, 27, 28, 29, 30, 31, 32, 33, 34, 35, 36, 37, 38]
		}
	]
}