{
	"credit": "Made with Blockbench",
	"textures": {
		"0": "3mg/anvil",
		"1": "3mg/blast_furnace_side",
		"4": "3mg/iron_block",
		"5": "3mg/fan",
		"7": "3mg/advanced_hook",
		"1_0": "3mg/stone_sword",
		"1_1": "3mg/blast_furnace_side",
		"1_4": "3mg/iron_block",
		"particle": "3mg/stone_sword"
	},
	"elements": [
		{
			"from": [13, 5, 0],
			"to": [15, 5.2, 14],
			"rotation": {"angle": 0, "axis": "y", "origin": [13, 8, 8]},
			"faces": {
				"north": {"uv": [3, 10, 10, 11], "texture": "#1"},
				"east": {"uv": [3, 10, 10, 11], "texture": "#1"},
				"south": {"uv": [3, 10, 10, 11], "texture": "#1"},
				"west": {"uv": [3, 10, 10, 11], "texture": "#1"},
				"up": {"uv": [3, 10, 10, 11], "texture": "#1"},
				"down": {"uv": [3, 10, 10, 11], "texture": "#1"}
			}
		},
		{
			"from": [13, 2, 1],
			"to": [15, 5, 13.5],
			"rotation": {"angle": 0, "axis": "y", "origin": [13, 8, 8]},
			"faces": {
				"north": {"uv": [5, 6, 7, 9], "texture": "#0"},
				"east": {"uv": [5, 6, 7, 9], "texture": "#0"},
				"south": {"uv": [5, 6, 7, 9], "texture": "#0"},
				"west": {"uv": [5, 6, 7, 9], "texture": "#0"},
				"up": {"uv": [5, 6, 7, 9], "texture": "#0"},
				"down": {"uv": [5, 6, 7, 9], "texture": "#0"}
			}
		},
		{
			"from": [13, 5.4, 1],
			"to": [15, 6.2, 2],
			"rotation": {"angle": 0, "axis": "y", "origin": [13, 8, 8]},
			"faces": {
				"north": {"uv": [5, 6, 7, 9], "texture": "#0"},
				"east": {"uv": [5, 6, 7, 9], "texture": "#0"},
				"south": {"uv": [5, 6, 7, 9], "texture": "#0"},
				"west": {"uv": [5, 6, 7, 9], "texture": "#0"},
				"up": {"uv": [5, 6, 7, 9], "texture": "#0"},
				"down": {"uv": [5, 6, 7, 9], "texture": "#0"}
			}
		},
		{
			"from": [13, 7.6, 6],
			"to": [15, 8.1, 7],
			"rotation": {"angle": 0, "axis": "y", "origin": [13, 8, 13]},
			"faces": {
				"north": {"uv": [5, 6, 7, 9], "texture": "#0"},
				"east": {"uv": [5, 6, 7, 9], "texture": "#0"},
				"south": {"uv": [5, 6, 7, 9], "texture": "#0"},
				"west": {"uv": [5, 6, 7, 9], "texture": "#0"},
				"up": {"uv": [5, 6, 7, 9], "texture": "#0"},
				"down": {"uv": [5, 6, 7, 9], "texture": "#0"}
			}
		},
		{
			"from": [13, 7.6, 11],
			"to": [15, 8.1, 12],
			"rotation": {"angle": 0, "axis": "y", "origin": [13, 8, 18]},
			"faces": {
				"north": {"uv": [5, 6, 7, 9], "texture": "#0"},
				"east": {"uv": [5, 6, 7, 9], "texture": "#0"},
				"south": {"uv": [5, 6, 7, 9], "texture": "#0"},
				"west": {"uv": [5, 6, 7, 9], "texture": "#0"},
				"up": {"uv": [5, 6, 7, 9], "texture": "#0"},
				"down": {"uv": [5, 6, 7, 9], "texture": "#0"}
			}
		},
		{
			"from": [15, 5.5, 1],
			"to": [16, 5.7, 2],
			"rotation": {"angle": 0, "axis": "y", "origin": [13, 8, 8]},
			"faces": {
				"north": {"uv": [12, 10, 14, 13], "texture": "#0"},
				"east": {"uv": [12, 10, 14, 13], "texture": "#0"},
				"south": {"uv": [12, 10, 14, 13], "texture": "#0"},
				"west": {"uv": [12, 10, 14, 13], "texture": "#0"},
				"up": {"uv": [12, 10, 14, 13], "texture": "#0"},
				"down": {"uv": [12, 10, 14, 13], "texture": "#0"}
			}
		},
		{
			"from": [15.5, 5.5, 6],
			"to": [16, 5.7, 7],
			"rotation": {"angle": 0, "axis": "y", "origin": [13, 8, 8]},
			"faces": {
				"north": {"uv": [12, 10, 14, 13], "texture": "#0"},
				"east": {"uv": [12, 10, 14, 13], "texture": "#0"},
				"south": {"uv": [12, 10, 14, 13], "texture": "#0"},
				"west": {"uv": [12, 10, 14, 13], "texture": "#0"},
				"up": {"uv": [12, 10, 14, 13], "texture": "#0"},
				"down": {"uv": [12, 10, 14, 13], "texture": "#0"}
			}
		},
		{
			"from": [15.5, 5.5, 11],
			"to": [16, 5.7, 12],
			"rotation": {"angle": 0, "axis": "y", "origin": [13, 8, 13]},
			"faces": {
				"north": {"uv": [12, 10, 14, 13], "texture": "#0"},
				"east": {"uv": [12, 10, 14, 13], "texture": "#0"},
				"south": {"uv": [12, 10, 14, 13], "texture": "#0"},
				"west": {"uv": [12, 10, 14, 13], "texture": "#0"},
				"up": {"uv": [12, 10, 14, 13], "texture": "#0"},
				"down": {"uv": [12, 10, 14, 13], "texture": "#0"}
			}
		},
		{
			"from": [12, 5.5, 6],
			"to": [12.5, 5.7, 7],
			"rotation": {"angle": 0, "axis": "y", "origin": [13, 8, 8]},
			"faces": {
				"north": {"uv": [12, 10, 14, 13], "texture": "#0"},
				"east": {"uv": [12, 10, 14, 13], "texture": "#0"},
				"south": {"uv": [12, 10, 14, 13], "texture": "#0"},
				"west": {"uv": [12, 10, 14, 13], "texture": "#0"},
				"up": {"uv": [12, 10, 14, 13], "texture": "#0"},
				"down": {"uv": [12, 10, 14, 13], "texture": "#0"}
			}
		},
		{
			"from": [12, 5.5, 11],
			"to": [12.5, 5.7, 12],
			"rotation": {"angle": 0, "axis": "y", "origin": [13, 8, 13]},
			"faces": {
				"north": {"uv": [12, 10, 14, 13], "texture": "#0"},
				"east": {"uv": [12, 10, 14, 13], "texture": "#0"},
				"south": {"uv": [12, 10, 14, 13], "texture": "#0"},
				"west": {"uv": [12, 10, 14, 13], "texture": "#0"},
				"up": {"uv": [12, 10, 14, 13], "texture": "#0"},
				"down": {"uv": [12, 10, 14, 13], "texture": "#0"}
			}
		},
		{
			"from": [15, 5.5, 6],
			"to": [15.5, 7.9, 7],
			"rotation": {"angle": 0, "axis": "y", "origin": [13, 8, 13]},
			"faces": {
				"north": {"uv": [12, 10, 14, 13], "texture": "#0"},
				"east": {"uv": [12, 10, 14, 13], "texture": "#0"},
				"south": {"uv": [12, 10, 14, 13], "texture": "#0"},
				"west": {"uv": [12, 10, 14, 13], "texture": "#0"},
				"up": {"uv": [12, 10, 14, 13], "texture": "#0"},
				"down": {"uv": [12, 10, 14, 13], "texture": "#0"}
			}
		},
		{
			"from": [15, 5.5, 11],
			"to": [15.5, 7.9, 12],
			"rotation": {"angle": 0, "axis": "y", "origin": [13, 8, 18]},
			"faces": {
				"north": {"uv": [12, 10, 14, 13], "texture": "#0"},
				"east": {"uv": [12, 10, 14, 13], "texture": "#0"},
				"south": {"uv": [12, 10, 14, 13], "texture": "#0"},
				"west": {"uv": [12, 10, 14, 13], "texture": "#0"},
				"up": {"uv": [12, 10, 14, 13], "texture": "#0"},
				"down": {"uv": [12, 10, 14, 13], "texture": "#0"}
			}
		},
		{
			"from": [12, 0.8, 1],
			"to": [16, 1, 2],
			"rotation": {"angle": 0, "axis": "y", "origin": [13, 8, 8]},
			"faces": {
				"north": {"uv": [12, 10, 14, 13], "texture": "#0"},
				"east": {"uv": [12, 10, 14, 13], "texture": "#0"},
				"south": {"uv": [12, 10, 14, 13], "texture": "#0"},
				"west": {"uv": [12, 10, 14, 13], "texture": "#0"},
				"up": {"uv": [12, 10, 14, 13], "texture": "#0"},
				"down": {"uv": [12, 10, 14, 13], "texture": "#0"}
			}
		},
		{
			"from": [12, 0.8, 11],
			"to": [16, 1, 12],
			"rotation": {"angle": 0, "axis": "y", "origin": [13, 8, 18]},
			"faces": {
				"north": {"uv": [12, 10, 14, 13], "texture": "#0"},
				"east": {"uv": [12, 10, 14, 13], "texture": "#0"},
				"south": {"uv": [12, 10, 14, 13], "texture": "#0"},
				"west": {"uv": [12, 10, 14, 13], "texture": "#0"},
				"up": {"uv": [12, 10, 14, 13], "texture": "#0"},
				"down": {"uv": [12, 10, 14, 13], "texture": "#0"}
			}
		},
		{
			"from": [12, 0.8, 6],
			"to": [16, 1, 7],
			"rotation": {"angle": 0, "axis": "y", "origin": [13, 8, 13]},
			"faces": {
				"north": {"uv": [12, 10, 14, 13], "texture": "#0"},
				"east": {"uv": [12, 10, 14, 13], "texture": "#0"},
				"south": {"uv": [12, 10, 14, 13], "texture": "#0"},
				"west": {"uv": [12, 10, 14, 13], "texture": "#0"},
				"up": {"uv": [12, 10, 14, 13], "texture": "#0"},
				"down": {"uv": [12, 10, 14, 13], "texture": "#0"}
			}
		},
		{
			"from": [16, 0.8, 1],
			"to": [16.2, 5.7, 2],
			"rotation": {"angle": 0, "axis": "y", "origin": [13, 8, 8]},
			"faces": {
				"north": {"uv": [12, 10, 14, 13], "texture": "#0"},
				"east": {"uv": [12, 10, 14, 13], "texture": "#0"},
				"south": {"uv": [12, 10, 14, 13], "texture": "#0"},
				"west": {"uv": [12, 10, 14, 13], "texture": "#0"},
				"up": {"uv": [12, 10, 14, 13], "texture": "#0"},
				"down": {"uv": [12, 10, 14, 13], "texture": "#0"}
			}
		},
		{
			"from": [16, 0.8, 11],
			"to": [16.2, 5.7, 12],
			"rotation": {"angle": 0, "axis": "y", "origin": [13, 8, 18]},
			"faces": {
				"north": {"uv": [12, 10, 14, 13], "texture": "#0"},
				"east": {"uv": [12, 10, 14, 13], "texture": "#0"},
				"south": {"uv": [12, 10, 14, 13], "texture": "#0"},
				"west": {"uv": [12, 10, 14, 13], "texture": "#0"},
				"up": {"uv": [12, 10, 14, 13], "texture": "#0"},
				"down": {"uv": [12, 10, 14, 13], "texture": "#0"}
			}
		},
		{
			"from": [16, 0.8, 6],
			"to": [16.2, 5.7, 7],
			"rotation": {"angle": 0, "axis": "y", "origin": [13, 8, 13]},
			"faces": {
				"north": {"uv": [12, 10, 14, 13], "texture": "#0"},
				"east": {"uv": [12, 10, 14, 13], "texture": "#0"},
				"south": {"uv": [12, 10, 14, 13], "texture": "#0"},
				"west": {"uv": [12, 10, 14, 13], "texture": "#0"},
				"up": {"uv": [12, 10, 14, 13], "texture": "#0"},
				"down": {"uv": [12, 10, 14, 13], "texture": "#0"}
			}
		},
		{
			"from": [11.8, 0.8, 1],
			"to": [12, 5.7, 2],
			"rotation": {"angle": 0, "axis": "y", "origin": [13, 8, 8]},
			"faces": {
				"north": {"uv": [12, 10, 14, 13], "texture": "#0"},
				"east": {"uv": [12, 10, 14, 13], "texture": "#0"},
				"south": {"uv": [12, 10, 14, 13], "texture": "#0"},
				"west": {"uv": [12, 10, 14, 13], "texture": "#0"},
				"up": {"uv": [12, 10, 14, 13], "texture": "#0"},
				"down": {"uv": [12, 10, 14, 13], "texture": "#0"}
			}
		},
		{
			"from": [11.8, 0.8, 11],
			"to": [12, 5.7, 12],
			"rotation": {"angle": 0, "axis": "y", "origin": [13, 8, 18]},
			"faces": {
				"north": {"uv": [12, 10, 14, 13], "texture": "#0"},
				"east": {"uv": [12, 10, 14, 13], "texture": "#0"},
				"south": {"uv": [12, 10, 14, 13], "texture": "#0"},
				"west": {"uv": [12, 10, 14, 13], "texture": "#0"},
				"up": {"uv": [12, 10, 14, 13], "texture": "#0"},
				"down": {"uv": [12, 10, 14, 13], "texture": "#0"}
			}
		},
		{
			"from": [11.8, 0.8, 6],
			"to": [12, 5.7, 7],
			"rotation": {"angle": 0, "axis": "y", "origin": [13, 8, 13]},
			"faces": {
				"north": {"uv": [12, 10, 14, 13], "texture": "#0"},
				"east": {"uv": [12, 10, 14, 13], "texture": "#0"},
				"south": {"uv": [12, 10, 14, 13], "texture": "#0"},
				"west": {"uv": [12, 10, 14, 13], "texture": "#0"},
				"up": {"uv": [12, 10, 14, 13], "texture": "#0"},
				"down": {"uv": [12, 10, 14, 13], "texture": "#0"}
			}
		},
		{
			"from": [12, 5.5, 1],
			"to": [13, 5.7, 2],
			"rotation": {"angle": 0, "axis": "y", "origin": [13, 8, 8]},
			"faces": {
				"north": {"uv": [12, 10, 14, 13], "texture": "#0"},
				"east": {"uv": [12, 10, 14, 13], "texture": "#0"},
				"south": {"uv": [12, 10, 14, 13], "texture": "#0"},
				"west": {"uv": [12, 10, 14, 13], "texture": "#0"},
				"up": {"uv": [12, 10, 14, 13], "texture": "#0"},
				"down": {"uv": [12, 10, 14, 13], "texture": "#0"}
			}
		},
		{
			"from": [12.5, 5.5, 6],
			"to": [13, 7.9, 7],
			"rotation": {"angle": 0, "axis": "y", "origin": [13, 8, 13]},
			"faces": {
				"north": {"uv": [12, 10, 14, 13], "texture": "#0"},
				"east": {"uv": [12, 10, 14, 13], "texture": "#0"},
				"south": {"uv": [12, 10, 14, 13], "texture": "#0"},
				"west": {"uv": [12, 10, 14, 13], "texture": "#0"},
				"up": {"uv": [12, 10, 14, 13], "texture": "#0"},
				"down": {"uv": [12, 10, 14, 13], "texture": "#0"}
			}
		},
		{
			"from": [12.5, 5.5, 11],
			"to": [13, 7.9, 12],
			"rotation": {"angle": 0, "axis": "y", "origin": [13, 8, 18]},
			"faces": {
				"north": {"uv": [12, 10, 14, 13], "texture": "#0"},
				"east": {"uv": [12, 10, 14, 13], "texture": "#0"},
				"south": {"uv": [12, 10, 14, 13], "texture": "#0"},
				"west": {"uv": [12, 10, 14, 13], "texture": "#0"},
				"up": {"uv": [12, 10, 14, 13], "texture": "#0"},
				"down": {"uv": [12, 10, 14, 13], "texture": "#0"}
			}
		},
		{
			"from": [12, 1, 0],
			"to": [13, 5.5, 14],
			"rotation": {"angle": 0, "axis": "y", "origin": [13, 8, 8]},
			"faces": {
				"north": {"uv": [3, 10, 10, 11], "texture": "#1"},
				"east": {"uv": [3, 10, 10, 11], "texture": "#1"},
				"south": {"uv": [3, 10, 10, 11], "texture": "#1"},
				"west": {"uv": [3, 10, 10, 11], "texture": "#1"},
				"up": {"uv": [3, 10, 10, 11], "texture": "#1"},
				"down": {"uv": [3, 10, 10, 11], "texture": "#1"}
			}
		},
		{
			"from": [15, 1, 0],
			"to": [16, 5.5, 14],
			"rotation": {"angle": 0, "axis": "y", "origin": [13, 8, 8]},
			"faces": {
				"north": {"uv": [3, 10, 10, 11], "texture": "#1"},
				"east": {"uv": [3, 10, 10, 11], "texture": "#1"},
				"south": {"uv": [3, 10, 10, 11], "texture": "#1"},
				"west": {"uv": [3, 10, 10, 11], "texture": "#1"},
				"up": {"uv": [3, 10, 10, 11], "texture": "#1"},
				"down": {"uv": [3, 10, 10, 11], "texture": "#1"}
			}
		},
		{
			"from": [13, 1, 0],
			"to": [15, 2, 14],
			"rotation": {"angle": 0, "axis": "y", "origin": [13, 8, 8]},
			"faces": {
				"north": {"uv": [3, 10, 10, 11], "texture": "#1"},
				"east": {"uv": [3, 10, 10, 11], "texture": "#1"},
				"south": {"uv": [3, 10, 10, 11], "texture": "#1"},
				"west": {"uv": [3, 10, 10, 11], "texture": "#1"},
				"up": {"uv": [3, 10, 10, 11], "texture": "#1"},
				"down": {"uv": [3, 10, 10, 11], "texture": "#1"}
			}
		},
		{
			"from": [14.43, 2, 0],
			"to": [14.7157, 5, 0.5],
			"rotation": {"angle": 0, "axis": "y", "origin": [13, 8, 8]},
			"faces": {
				"north": {"uv": [3, 10, 10, 11], "texture": "#1"},
				"east": {"uv": [3, 10, 10, 11], "texture": "#1"},
				"south": {"uv": [3, 10, 10, 11], "texture": "#1"},
				"west": {"uv": [3, 10, 10, 11], "texture": "#1"},
				"up": {"uv": [3, 10, 10, 11], "texture": "#1"},
				"down": {"uv": [3, 10, 10, 11], "texture": "#1"}
			}
		},
		{
			"from": [14.8, 2.75, -0.5],
			"to": [14.9, 4.25, 0.5],
			"rotation": {"angle": 0, "axis": "y", "origin": [13, 8, 8]},
			"faces": {
				"north": {"uv": [2, 6, 9, 7], "texture": "#4"},
				"east": {"uv": [2, 6, 9, 7], "texture": "#4"},
				"south": {"uv": [2, 6, 9, 7], "texture": "#4"},
				"west": {"uv": [2, 6, 9, 7], "texture": "#4"},
				"up": {"uv": [2, 6, 9, 7], "texture": "#4"},
				"down": {"uv": [2, 6, 9, 7], "texture": "#4"}
			}
		},
		{
			"from": [14.25, 2.75, -0.7],
			"to": [14.35, 4.25, 0.6],
			"rotation": {"angle": 0, "axis": "y", "origin": [13, 8, 8]},
			"faces": {
				"north": {"uv": [2, 5, 9, 6], "texture": "#4"},
				"east": {"uv": [2, 5, 9, 6], "texture": "#4"},
				"south": {"uv": [2, 5, 9, 6], "texture": "#4"},
				"west": {"uv": [2, 5, 9, 6], "texture": "#4"},
				"up": {"uv": [2, 5, 9, 6], "texture": "#4"},
				"down": {"uv": [2, 5, 9, 6], "texture": "#4"}
			}
		},
		{
			"from": [13.67, 2.75, -0.7],
			"to": [13.77, 4.25, 0.6],
			"rotation": {"angle": 0, "axis": "y", "origin": [13, 8, 8]},
			"faces": {
				"north": {"uv": [7, 4, 14, 5], "texture": "#4"},
				"east": {"uv": [7, 4, 14, 5], "texture": "#4"},
				"south": {"uv": [7, 4, 14, 5], "texture": "#4"},
				"west": {"uv": [7, 4, 14, 5], "texture": "#4"},
				"up": {"uv": [7, 4, 14, 5], "texture": "#4"},
				"down": {"uv": [7, 4, 14, 5], "texture": "#4"}
			}
		},
		{
			"from": [13.1, 2.75, -0.5],
			"to": [13.2, 4.25, 0.5],
			"rotation": {"angle": 0, "axis": "y", "origin": [13, 8, 8]},
			"faces": {
				"north": {"uv": [1, 6, 8, 7], "texture": "#4"},
				"east": {"uv": [1, 6, 8, 7], "texture": "#4"},
				"south": {"uv": [1, 6, 8, 7], "texture": "#4"},
				"west": {"uv": [1, 6, 8, 7], "texture": "#4"},
				"up": {"uv": [1, 6, 8, 7], "texture": "#4"},
				"down": {"uv": [1, 6, 8, 7], "texture": "#4"}
			}
		},
		{
			"from": [13.86, 2, 0],
			"to": [14.1457, 5, 0.5],
			"rotation": {"angle": 0, "axis": "y", "origin": [13, 8, 8]},
			"faces": {
				"north": {"uv": [3, 10, 10, 11], "texture": "#1"},
				"east": {"uv": [3, 10, 10, 11], "texture": "#1"},
				"south": {"uv": [3, 10, 10, 11], "texture": "#1"},
				"west": {"uv": [3, 10, 10, 11], "texture": "#1"},
				"up": {"uv": [3, 10, 10, 11], "texture": "#1"},
				"down": {"uv": [3, 10, 10, 11], "texture": "#1"}
			}
		},
		{
			"from": [13.29, 2, 0],
			"to": [13.5757, 5, 0.5],
			"rotation": {"angle": 0, "axis": "y", "origin": [13, 8, 8]},
			"faces": {
				"north": {"uv": [3, 10, 10, 11], "texture": "#1"},
				"east": {"uv": [3, 10, 10, 11], "texture": "#1"},
				"south": {"uv": [3, 10, 10, 11], "texture": "#1"},
				"west": {"uv": [3, 10, 10, 11], "texture": "#1"},
				"up": {"uv": [3, 10, 10, 11], "texture": "#1"},
				"down": {"uv": [3, 10, 10, 11], "texture": "#1"}
			}
		},
		{
			"from": [13.5, 4.5, 14],
			"to": [14.5, 5, 14.5],
			"rotation": {"angle": 0, "axis": "y", "origin": [13, 8, 8]},
			"faces": {
				"north": {"uv": [3, 10, 10, 11], "texture": "#1"},
				"east": {"uv": [3, 10, 10, 11], "texture": "#1"},
				"south": {"uv": [3, 10, 10, 11], "texture": "#1"},
				"west": {"uv": [3, 10, 10, 11], "texture": "#1"},
				"up": {"uv": [3, 10, 10, 11], "texture": "#1"},
				"down": {"uv": [3, 10, 10, 11], "texture": "#1"}
			}
		},
		{
			"from": [12.5, 3.75, 14],
			"to": [15.5, 4.25, 14.5],
			"rotation": {"angle": 0, "axis": "y", "origin": [13, 8, 8]},
			"faces": {
				"north": {"uv": [3, 10, 10, 11], "texture": "#1"},
				"east": {"uv": [3, 10, 10, 11], "texture": "#1"},
				"south": {"uv": [3, 10, 10, 11], "texture": "#1"},
				"west": {"uv": [3, 10, 10, 11], "texture": "#1"},
				"up": {"uv": [3, 10, 10, 11], "texture": "#1"},
				"down": {"uv": [3, 10, 10, 11], "texture": "#1"}
			}
		},
		{
			"from": [12.5, 3, 14],
			"to": [15.5, 3.5, 14.5],
			"rotation": {"angle": 0, "axis": "y", "origin": [13, 8, 8]},
			"faces": {
				"north": {"uv": [3, 10, 10, 11], "texture": "#1"},
				"east": {"uv": [3, 10, 10, 11], "texture": "#1"},
				"south": {"uv": [3, 10, 10, 11], "texture": "#1"},
				"west": {"uv": [3, 10, 10, 11], "texture": "#1"},
				"up": {"uv": [3, 10, 10, 11], "texture": "#1"},
				"down": {"uv": [3, 10, 10, 11], "texture": "#1"}
			}
		},
		{
			"from": [12.5, 2.25, 14],
			"to": [15.5, 2.75, 14.5],
			"rotation": {"angle": 0, "axis": "y", "origin": [13, 8, 8]},
			"faces": {
				"north": {"uv": [3, 10, 10, 11], "texture": "#1"},
				"east": {"uv": [3, 10, 10, 11], "texture": "#1"},
				"south": {"uv": [3, 10, 10, 11], "texture": "#1"},
				"west": {"uv": [3, 10, 10, 11], "texture": "#1"},
				"up": {"uv": [3, 10, 10, 11], "texture": "#1"},
				"down": {"uv": [3, 10, 10, 11], "texture": "#1"}
			}
		},
		{
			"from": [12.5, 5.3, 14],
			"to": [15.5, 5.5, 14.2],
			"rotation": {"angle": 0, "axis": "y", "origin": [13, 8, 8]},
			"faces": {
				"north": {"uv": [3, 10, 10, 11], "texture": "#1"},
				"east": {"uv": [3, 10, 10, 11], "texture": "#1"},
				"south": {"uv": [3, 10, 10, 11], "texture": "#1"},
				"west": {"uv": [3, 10, 10, 11], "texture": "#1"},
				"up": {"uv": [3, 10, 10, 11], "texture": "#1"},
				"down": {"uv": [3, 10, 10, 11], "texture": "#1"}
			}
		},
		{
			"from": [12.5, 1.08, 14],
			"to": [15.5, 1.28, 14.2],
			"rotation": {"angle": 0, "axis": "y", "origin": [13, 8, 8]},
			"faces": {
				"north": {"uv": [3, 10, 10, 11], "texture": "#1"},
				"east": {"uv": [3, 10, 10, 11], "texture": "#1"},
				"south": {"uv": [3, 10, 10, 11], "texture": "#1"},
				"west": {"uv": [3, 10, 10, 11], "texture": "#1"},
				"up": {"uv": [3, 10, 10, 11], "texture": "#1"},
				"down": {"uv": [3, 10, 10, 11], "texture": "#1"}
			}
		},
		{
			"from": [13.5, 1.5, 14],
			"to": [14.5, 2, 14.5],
			"rotation": {"angle": 0, "axis": "y", "origin": [13, 8, 8]},
			"faces": {
				"north": {"uv": [3, 10, 10, 11], "texture": "#1"},
				"east": {"uv": [3, 10, 10, 11], "texture": "#1"},
				"south": {"uv": [3, 10, 10, 11], "texture": "#1"},
				"west": {"uv": [3, 10, 10, 11], "texture": "#1"},
				"up": {"uv": [3, 10, 10, 11], "texture": "#1"},
				"down": {"uv": [3, 10, 10, 11], "texture": "#1"}
			}
		},
		{
			"from": [13, 2.25, 13.51],
			"to": [15, 4.25, 13.51],
			"rotation": {"angle": 0, "axis": "y", "origin": [13, 8, 8]},
			"faces": {
				"north": {"uv": [3, 10, 10, 11], "texture": "#1"},
				"east": {"uv": [5, 11, 12, 12], "texture": "#1"},
				"south": {"uv": [0, 0, 16, 16], "texture": "#5"},
				"west": {"uv": [4, 6, 11, 7], "texture": "#1"},
				"up": {"uv": [3, 10, 10, 11], "texture": "#1"},
				"down": {"uv": [3, 10, 10, 11], "texture": "#1"}
			}
		},
		{
			"from": [1, 5, 0],
			"to": [3, 5.2, 14],
			"rotation": {"angle": 0, "axis": "y", "origin": [1, 8, 8]},
			"faces": {
				"north": {"uv": [3, 10, 10, 11], "texture": "#1_1"},
				"east": {"uv": [3, 10, 10, 11], "texture": "#1_1"},
				"south": {"uv": [3, 10, 10, 11], "texture": "#1_1"},
				"west": {"uv": [3, 10, 10, 11], "texture": "#1_1"},
				"up": {"uv": [3, 10, 10, 11], "texture": "#1_1"},
				"down": {"uv": [3, 10, 10, 11], "texture": "#1_1"}
			}
		},
		{
			"from": [1, 2, 1],
			"to": [3, 5, 13.5],
			"rotation": {"angle": 0, "axis": "y", "origin": [1, 8, 8]},
			"faces": {
				"north": {"uv": [5, 6, 7, 9], "texture": "#1_0"},
				"east": {"uv": [5, 6, 7, 9], "texture": "#1_0"},
				"south": {"uv": [5, 6, 7, 9], "texture": "#1_0"},
				"west": {"uv": [5, 6, 7, 9], "texture": "#1_0"},
				"up": {"uv": [5, 6, 7, 9], "texture": "#1_0"},
				"down": {"uv": [5, 6, 7, 9], "texture": "#1_0"}
			}
		},
		{
			"from": [1, 5.4, 1],
			"to": [3, 6.2, 2],
			"rotation": {"angle": 0, "axis": "y", "origin": [1, 8, 8]},
			"faces": {
				"north": {"uv": [5, 6, 7, 9], "texture": "#1_0"},
				"east": {"uv": [5, 6, 7, 9], "texture": "#1_0"},
				"south": {"uv": [5, 6, 7, 9], "texture": "#1_0"},
				"west": {"uv": [5, 6, 7, 9], "texture": "#1_0"},
				"up": {"uv": [5, 6, 7, 9], "texture": "#1_0"},
				"down": {"uv": [5, 6, 7, 9], "texture": "#1_0"}
			}
		},
		{
			"from": [1, 7.6, 6],
			"to": [3, 8.1, 7],
			"rotation": {"angle": 0, "axis": "y", "origin": [1, 8, 13]},
			"faces": {
				"north": {"uv": [5, 6, 7, 9], "texture": "#1_0"},
				"east": {"uv": [5, 6, 7, 9], "texture": "#1_0"},
				"south": {"uv": [5, 6, 7, 9], "texture": "#1_0"},
				"west": {"uv": [5, 6, 7, 9], "texture": "#1_0"},
				"up": {"uv": [5, 6, 7, 9], "texture": "#1_0"},
				"down": {"uv": [5, 6, 7, 9], "texture": "#1_0"}
			}
		},
		{
			"from": [1, 7.6, 11],
			"to": [3, 8.1, 12],
			"rotation": {"angle": 0, "axis": "y", "origin": [1, 8, 18]},
			"faces": {
				"north": {"uv": [5, 6, 7, 9], "texture": "#1_0"},
				"east": {"uv": [5, 6, 7, 9], "texture": "#1_0"},
				"south": {"uv": [5, 6, 7, 9], "texture": "#1_0"},
				"west": {"uv": [5, 6, 7, 9], "texture": "#1_0"},
				"up": {"uv": [5, 6, 7, 9], "texture": "#1_0"},
				"down": {"uv": [5, 6, 7, 9], "texture": "#1_0"}
			}
		},
		{
			"from": [3, 5.5, 1],
			"to": [4, 5.7, 2],
			"rotation": {"angle": 0, "axis": "y", "origin": [1, 8, 8]},
			"faces": {
				"north": {"uv": [12, 10, 14, 13], "texture": "#1_0"},
				"east": {"uv": [12, 10, 14, 13], "texture": "#1_0"},
				"south": {"uv": [12, 10, 14, 13], "texture": "#1_0"},
				"west": {"uv": [12, 10, 14, 13], "texture": "#1_0"},
				"up": {"uv": [12, 10, 14, 13], "texture": "#1_0"},
				"down": {"uv": [12, 10, 14, 13], "texture": "#1_0"}
			}
		},
		{
			"from": [3.5, 5.5, 6],
			"to": [4, 5.7, 7],
			"rotation": {"angle": 0, "axis": "y", "origin": [1, 8, 8]},
			"faces": {
				"north": {"uv": [12, 10, 14, 13], "texture": "#1_0"},
				"east": {"uv": [12, 10, 14, 13], "texture": "#1_0"},
				"south": {"uv": [12, 10, 14, 13], "texture": "#1_0"},
				"west": {"uv": [12, 10, 14, 13], "texture": "#1_0"},
				"up": {"uv": [12, 10, 14, 13], "texture": "#1_0"},
				"down": {"uv": [12, 10, 14, 13], "texture": "#1_0"}
			}
		},
		{
			"from": [3.5, 5.5, 11],
			"to": [4, 5.7, 12],
			"rotation": {"angle": 0, "axis": "y", "origin": [1, 8, 13]},
			"faces": {
				"north": {"uv": [12, 10, 14, 13], "texture": "#1_0"},
				"east": {"uv": [12, 10, 14, 13], "texture": "#1_0"},
				"south": {"uv": [12, 10, 14, 13], "texture": "#1_0"},
				"west": {"uv": [12, 10, 14, 13], "texture": "#1_0"},
				"up": {"uv": [12, 10, 14, 13], "texture": "#1_0"},
				"down": {"uv": [12, 10, 14, 13], "texture": "#1_0"}
			}
		},
		{
			"from": [0, 5.5, 6],
			"to": [0.5, 5.7, 7],
			"rotation": {"angle": 0, "axis": "y", "origin": [1, 8, 8]},
			"faces": {
				"north": {"uv": [12, 10, 14, 13], "texture": "#1_0"},
				"east": {"uv": [12, 10, 14, 13], "texture": "#1_0"},
				"south": {"uv": [12, 10, 14, 13], "texture": "#1_0"},
				"west": {"uv": [12, 10, 14, 13], "texture": "#1_0"},
				"up": {"uv": [12, 10, 14, 13], "texture": "#1_0"},
				"down": {"uv": [12, 10, 14, 13], "texture": "#1_0"}
			}
		},
		{
			"from": [0, 5.5, 11],
			"to": [0.5, 5.7, 12],
			"rotation": {"angle": 0, "axis": "y", "origin": [1, 8, 13]},
			"faces": {
				"north": {"uv": [12, 10, 14, 13], "texture": "#1_0"},
				"east": {"uv": [12, 10, 14, 13], "texture": "#1_0"},
				"south": {"uv": [12, 10, 14, 13], "texture": "#1_0"},
				"west": {"uv": [12, 10, 14, 13], "texture": "#1_0"},
				"up": {"uv": [12, 10, 14, 13], "texture": "#1_0"},
				"down": {"uv": [12, 10, 14, 13], "texture": "#1_0"}
			}
		},
		{
			"from": [3, 5.5, 6],
			"to": [3.5, 7.9, 7],
			"rotation": {"angle": 0, "axis": "y", "origin": [1, 8, 13]},
			"faces": {
				"north": {"uv": [12, 10, 14, 13], "texture": "#1_0"},
				"east": {"uv": [12, 10, 14, 13], "texture": "#1_0"},
				"south": {"uv": [12, 10, 14, 13], "texture": "#1_0"},
				"west": {"uv": [12, 10, 14, 13], "texture": "#1_0"},
				"up": {"uv": [12, 10, 14, 13], "texture": "#1_0"},
				"down": {"uv": [12, 10, 14, 13], "texture": "#1_0"}
			}
		},
		{
			"from": [3, 5.5, 11],
			"to": [3.5, 7.9, 12],
			"rotation": {"angle": 0, "axis": "y", "origin": [1, 8, 18]},
			"faces": {
				"north": {"uv": [12, 10, 14, 13], "texture": "#1_0"},
				"east": {"uv": [12, 10, 14, 13], "texture": "#1_0"},
				"south": {"uv": [12, 10, 14, 13], "texture": "#1_0"},
				"west": {"uv": [12, 10, 14, 13], "texture": "#1_0"},
				"up": {"uv": [12, 10, 14, 13], "texture": "#1_0"},
				"down": {"uv": [12, 10, 14, 13], "texture": "#1_0"}
			}
		},
		{
			"from": [0, 0.8, 1],
			"to": [4, 1, 2],
			"rotation": {"angle": 0, "axis": "y", "origin": [1, 8, 8]},
			"faces": {
				"north": {"uv": [12, 10, 14, 13], "texture": "#1_0"},
				"east": {"uv": [12, 10, 14, 13], "texture": "#1_0"},
				"south": {"uv": [12, 10, 14, 13], "texture": "#1_0"},
				"west": {"uv": [12, 10, 14, 13], "texture": "#1_0"},
				"up": {"uv": [12, 10, 14, 13], "texture": "#1_0"},
				"down": {"uv": [12, 10, 14, 13], "texture": "#1_0"}
			}
		},
		{
			"from": [0, 0.8, 11],
			"to": [4, 1, 12],
			"rotation": {"angle": 0, "axis": "y", "origin": [1, 8, 18]},
			"faces": {
				"north": {"uv": [12, 10, 14, 13], "texture": "#1_0"},
				"east": {"uv": [12, 10, 14, 13], "texture": "#1_0"},
				"south": {"uv": [12, 10, 14, 13], "texture": "#1_0"},
				"west": {"uv": [12, 10, 14, 13], "texture": "#1_0"},
				"up": {"uv": [12, 10, 14, 13], "texture": "#1_0"},
				"down": {"uv": [12, 10, 14, 13], "texture": "#1_0"}
			}
		},
		{
			"from": [0, 0.8, 6],
			"to": [4, 1, 7],
			"rotation": {"angle": 0, "axis": "y", "origin": [1, 8, 13]},
			"faces": {
				"north": {"uv": [12, 10, 14, 13], "texture": "#1_0"},
				"east": {"uv": [12, 10, 14, 13], "texture": "#1_0"},
				"south": {"uv": [12, 10, 14, 13], "texture": "#1_0"},
				"west": {"uv": [12, 10, 14, 13], "texture": "#1_0"},
				"up": {"uv": [12, 10, 14, 13], "texture": "#1_0"},
				"down": {"uv": [12, 10, 14, 13], "texture": "#1_0"}
			}
		},
		{
			"from": [4, 0.8, 1],
			"to": [4.2, 5.7, 2],
			"rotation": {"angle": 0, "axis": "y", "origin": [1, 8, 8]},
			"faces": {
				"north": {"uv": [12, 10, 14, 13], "texture": "#1_0"},
				"east": {"uv": [12, 10, 14, 13], "texture": "#1_0"},
				"south": {"uv": [12, 10, 14, 13], "texture": "#1_0"},
				"west": {"uv": [12, 10, 14, 13], "texture": "#1_0"},
				"up": {"uv": [12, 10, 14, 13], "texture": "#1_0"},
				"down": {"uv": [12, 10, 14, 13], "texture": "#1_0"}
			}
		},
		{
			"from": [4, 0.8, 11],
			"to": [4.2, 5.7, 12],
			"rotation": {"angle": 0, "axis": "y", "origin": [1, 8, 18]},
			"faces": {
				"north": {"uv": [12, 10, 14, 13], "texture": "#1_0"},
				"east": {"uv": [12, 10, 14, 13], "texture": "#1_0"},
				"south": {"uv": [12, 10, 14, 13], "texture": "#1_0"},
				"west": {"uv": [12, 10, 14, 13], "texture": "#1_0"},
				"up": {"uv": [12, 10, 14, 13], "texture": "#1_0"},
				"down": {"uv": [12, 10, 14, 13], "texture": "#1_0"}
			}
		},
		{
			"from": [4, 0.8, 6],
			"to": [4.2, 5.7, 7],
			"rotation": {"angle": 0, "axis": "y", "origin": [1, 8, 13]},
			"faces": {
				"north": {"uv": [12, 10, 14, 13], "texture": "#1_0"},
				"east": {"uv": [12, 10, 14, 13], "texture": "#1_0"},
				"south": {"uv": [12, 10, 14, 13], "texture": "#1_0"},
				"west": {"uv": [12, 10, 14, 13], "texture": "#1_0"},
				"up": {"uv": [12, 10, 14, 13], "texture": "#1_0"},
				"down": {"uv": [12, 10, 14, 13], "texture": "#1_0"}
			}
		},
		{
			"from": [-0.2, 0.8, 1],
			"to": [0, 5.7, 2],
			"rotation": {"angle": 0, "axis": "y", "origin": [1, 8, 8]},
			"faces": {
				"north": {"uv": [12, 10, 14, 13], "texture": "#1_0"},
				"east": {"uv": [12, 10, 14, 13], "texture": "#1_0"},
				"south": {"uv": [12, 10, 14, 13], "texture": "#1_0"},
				"west": {"uv": [12, 10, 14, 13], "texture": "#1_0"},
				"up": {"uv": [12, 10, 14, 13], "texture": "#1_0"},
				"down": {"uv": [12, 10, 14, 13], "texture": "#1_0"}
			}
		},
		{
			"from": [-0.2, 0.8, 11],
			"to": [0, 5.7, 12],
			"rotation": {"angle": 0, "axis": "y", "origin": [1, 8, 18]},
			"faces": {
				"north": {"uv": [12, 10, 14, 13], "texture": "#1_0"},
				"east": {"uv": [12, 10, 14, 13], "texture": "#1_0"},
				"south": {"uv": [12, 10, 14, 13], "texture": "#1_0"},
				"west": {"uv": [12, 10, 14, 13], "texture": "#1_0"},
				"up": {"uv": [12, 10, 14, 13], "texture": "#1_0"},
				"down": {"uv": [12, 10, 14, 13], "texture": "#1_0"}
			}
		},
		{
			"from": [-0.2, 0.8, 6],
			"to": [0, 5.7, 7],
			"rotation": {"angle": 0, "axis": "y", "origin": [1, 8, 13]},
			"faces": {
				"north": {"uv": [12, 10, 14, 13], "texture": "#1_0"},
				"east": {"uv": [12, 10, 14, 13], "texture": "#1_0"},
				"south": {"uv": [12, 10, 14, 13], "texture": "#1_0"},
				"west": {"uv": [12, 10, 14, 13], "texture": "#1_0"},
				"up": {"uv": [12, 10, 14, 13], "texture": "#1_0"},
				"down": {"uv": [12, 10, 14, 13], "texture": "#1_0"}
			}
		},
		{
			"from": [0, 5.5, 1],
			"to": [1, 5.7, 2],
			"rotation": {"angle": 0, "axis": "y", "origin": [1, 8, 8]},
			"faces": {
				"north": {"uv": [12, 10, 14, 13], "texture": "#1_0"},
				"east": {"uv": [12, 10, 14, 13], "texture": "#1_0"},
				"south": {"uv": [12, 10, 14, 13], "texture": "#1_0"},
				"west": {"uv": [12, 10, 14, 13], "texture": "#1_0"},
				"up": {"uv": [12, 10, 14, 13], "texture": "#1_0"},
				"down": {"uv": [12, 10, 14, 13], "texture": "#1_0"}
			}
		},
		{
			"from": [0.5, 5.5, 6],
			"to": [1, 7.9, 7],
			"rotation": {"angle": 0, "axis": "y", "origin": [1, 8, 13]},
			"faces": {
				"north": {"uv": [12, 10, 14, 13], "texture": "#1_0"},
				"east": {"uv": [12, 10, 14, 13], "texture": "#1_0"},
				"south": {"uv": [12, 10, 14, 13], "texture": "#1_0"},
				"west": {"uv": [12, 10, 14, 13], "texture": "#1_0"},
				"up": {"uv": [12, 10, 14, 13], "texture": "#1_0"},
				"down": {"uv": [12, 10, 14, 13], "texture": "#1_0"}
			}
		},
		{
			"from": [0.5, 5.5, 11],
			"to": [1, 7.9, 12],
			"rotation": {"angle": 0, "axis": "y", "origin": [1, 8, 18]},
			"faces": {
				"north": {"uv": [12, 10, 14, 13], "texture": "#1_0"},
				"east": {"uv": [12, 10, 14, 13], "texture": "#1_0"},
				"south": {"uv": [12, 10, 14, 13], "texture": "#1_0"},
				"west": {"uv": [12, 10, 14, 13], "texture": "#1_0"},
				"up": {"uv": [12, 10, 14, 13], "texture": "#1_0"},
				"down": {"uv": [12, 10, 14, 13], "texture": "#1_0"}
			}
		},
		{
			"from": [0, 1, 0],
			"to": [1, 5.5, 14],
			"rotation": {"angle": 0, "axis": "y", "origin": [1, 8, 8]},
			"faces": {
				"north": {"uv": [3, 10, 10, 11], "texture": "#1_1"},
				"east": {"uv": [3, 10, 10, 11], "texture": "#1_1"},
				"south": {"uv": [3, 10, 10, 11], "texture": "#1_1"},
				"west": {"uv": [3, 10, 10, 11], "texture": "#1_1"},
				"up": {"uv": [3, 10, 10, 11], "texture": "#1_1"},
				"down": {"uv": [3, 10, 10, 11], "texture": "#1_1"}
			}
		},
		{
			"from": [3, 1, 0],
			"to": [4, 5.5, 14],
			"rotation": {"angle": 0, "axis": "y", "origin": [1, 8, 8]},
			"faces": {
				"north": {"uv": [3, 10, 10, 11], "texture": "#1_1"},
				"east": {"uv": [3, 10, 10, 11], "texture": "#1_1"},
				"south": {"uv": [3, 10, 10, 11], "texture": "#1_1"},
				"west": {"uv": [3, 10, 10, 11], "texture": "#1_1"},
				"up": {"uv": [3, 10, 10, 11], "texture": "#1_1"},
				"down": {"uv": [3, 10, 10, 11], "texture": "#1_1"}
			}
		},
		{
			"from": [1, 1, 0],
			"to": [3, 2, 14],
			"rotation": {"angle": 0, "axis": "y", "origin": [1, 8, 8]},
			"faces": {
				"north": {"uv": [3, 10, 10, 11], "texture": "#1_1"},
				"east": {"uv": [3, 10, 10, 11], "texture": "#1_1"},
				"south": {"uv": [3, 10, 10, 11], "texture": "#1_1"},
				"west": {"uv": [3, 10, 10, 11], "texture": "#1_1"},
				"up": {"uv": [3, 10, 10, 11], "texture": "#1_1"},
				"down": {"uv": [3, 10, 10, 11], "texture": "#1_1"}
			}
		},
		{
			"from": [2.43, 2, 0],
			"to": [2.7157, 5, 0.5],
			"rotation": {"angle": 0, "axis": "y", "origin": [1, 8, 8]},
			"faces": {
				"north": {"uv": [3, 10, 10, 11], "texture": "#1_1"},
				"east": {"uv": [3, 10, 10, 11], "texture": "#1_1"},
				"south": {"uv": [3, 10, 10, 11], "texture": "#1_1"},
				"west": {"uv": [3, 10, 10, 11], "texture": "#1_1"},
				"up": {"uv": [3, 10, 10, 11], "texture": "#1_1"},
				"down": {"uv": [3, 10, 10, 11], "texture": "#1_1"}
			}
		},
		{
			"from": [2.8, 2.75, -0.5],
			"to": [2.9, 4.25, 0.5],
			"rotation": {"angle": 0, "axis": "y", "origin": [1, 8, 8]},
			"faces": {
				"north": {"uv": [2, 6, 9, 7], "texture": "#1_4"},
				"east": {"uv": [2, 6, 9, 7], "texture": "#1_4"},
				"south": {"uv": [2, 6, 9, 7], "texture": "#1_4"},
				"west": {"uv": [2, 6, 9, 7], "texture": "#1_4"},
				"up": {"uv": [2, 6, 9, 7], "texture": "#1_4"},
				"down": {"uv": [2, 6, 9, 7], "texture": "#1_4"}
			}
		},
		{
			"from": [2.25, 2.75, -0.7],
			"to": [2.35, 4.25, 0.6],
			"rotation": {"angle": 0, "axis": "y", "origin": [1, 8, 8]},
			"faces": {
				"north": {"uv": [2, 5, 9, 6], "texture": "#1_4"},
				"east": {"uv": [2, 5, 9, 6], "texture": "#1_4"},
				"south": {"uv": [2, 5, 9, 6], "texture": "#1_4"},
				"west": {"uv": [2, 5, 9, 6], "texture": "#1_4"},
				"up": {"uv": [2, 5, 9, 6], "texture": "#1_4"},
				"down": {"uv": [2, 5, 9, 6], "texture": "#1_4"}
			}
		},
		{
			"from": [1.67, 2.75, -0.7],
			"to": [1.77, 4.25, 0.6],
			"rotation": {"angle": 0, "axis": "y", "origin": [1, 8, 8]},
			"faces": {
				"north": {"uv": [7, 4, 14, 5], "texture": "#1_4"},
				"east": {"uv": [7, 4, 14, 5], "texture": "#1_4"},
				"south": {"uv": [7, 4, 14, 5], "texture": "#1_4"},
				"west": {"uv": [7, 4, 14, 5], "texture": "#1_4"},
				"up": {"uv": [7, 4, 14, 5], "texture": "#1_4"},
				"down": {"uv": [7, 4, 14, 5], "texture": "#1_4"}
			}
		},
		{
			"from": [1.1, 2.75, -0.5],
			"to": [1.2, 4.25, 0.5],
			"rotation": {"angle": 0, "axis": "y", "origin": [1, 8, 8]},
			"faces": {
				"north": {"uv": [1, 6, 8, 7], "texture": "#1_4"},
				"east": {"uv": [1, 6, 8, 7], "texture": "#1_4"},
				"south": {"uv": [1, 6, 8, 7], "texture": "#1_4"},
				"west": {"uv": [1, 6, 8, 7], "texture": "#1_4"},
				"up": {"uv": [1, 6, 8, 7], "texture": "#1_4"},
				"down": {"uv": [1, 6, 8, 7], "texture": "#1_4"}
			}
		},
		{
			"from": [1.2, 2.6, 13.5],
			"to": [2.8, 2.8, 13.6],
			"rotation": {"angle": 0, "axis": "y", "origin": [1, 8, 8]},
			"faces": {
				"north": {"uv": [0, 0, 1, 16], "texture": "#1_4"},
				"east": {"uv": [0, 0, 1, 16], "texture": "#1_4"},
				"south": {"uv": [0, 0, 1, 16], "texture": "#1_4"},
				"west": {"uv": [0, 0, 1, 16], "texture": "#1_4"},
				"up": {"uv": [0, 0, 1, 16], "texture": "#1_4"},
				"down": {"uv": [0, 0, 1, 16], "texture": "#1_4"}
			}
		},
		{
			"from": [1.86, 2, 0],
			"to": [2.1457, 5, 0.5],
			"rotation": {"angle": 0, "axis": "y", "origin": [1, 8, 8]},
			"faces": {
				"north": {"uv": [3, 10, 10, 11], "texture": "#1_1"},
				"east": {"uv": [3, 10, 10, 11], "texture": "#1_1"},
				"south": {"uv": [3, 10, 10, 11], "texture": "#1_1"},
				"west": {"uv": [3, 10, 10, 11], "texture": "#1_1"},
				"up": {"uv": [3, 10, 10, 11], "texture": "#1_1"},
				"down": {"uv": [3, 10, 10, 11], "texture": "#1_1"}
			}
		},
		{
			"from": [1.29, 2, 0],
			"to": [1.5757, 5, 0.5],
			"rotation": {"angle": 0, "axis": "y", "origin": [1, 8, 8]},
			"faces": {
				"north": {"uv": [3, 10, 10, 11], "texture": "#1_1"},
				"east": {"uv": [3, 10, 10, 11], "texture": "#1_1"},
				"south": {"uv": [3, 10, 10, 11], "texture": "#1_1"},
				"west": {"uv": [3, 10, 10, 11], "texture": "#1_1"},
				"up": {"uv": [3, 10, 10, 11], "texture": "#1_1"},
				"down": {"uv": [3, 10, 10, 11], "texture": "#1_1"}
			}
		},
		{
			"from": [1, 3, 13.5],
			"to": [3, 4.5, 14],
			"rotation": {"angle": 0, "axis": "y", "origin": [1, 8, 8]},
			"faces": {
				"north": {"uv": [3, 10, 10, 11], "texture": "#1_1"},
				"east": {"uv": [3, 10, 10, 11], "texture": "#1_1"},
				"south": {"uv": [3, 10, 10, 11], "texture": "#1_1"},
				"west": {"uv": [3, 10, 10, 11], "texture": "#1_1"},
				"up": {"uv": [3, 10, 10, 11], "texture": "#1_1"},
				"down": {"uv": [3, 10, 10, 11], "texture": "#1_1"}
			}
		},
		{
			"from": [1.5, 4.5, 14],
			"to": [2.5, 5, 14.5],
			"rotation": {"angle": 0, "axis": "y", "origin": [1, 8, 8]},
			"faces": {
				"north": {"uv": [3, 10, 10, 11], "texture": "#1_1"},
				"east": {"uv": [3, 10, 10, 11], "texture": "#1_1"},
				"south": {"uv": [3, 10, 10, 11], "texture": "#1_1"},
				"west": {"uv": [3, 10, 10, 11], "texture": "#1_1"},
				"up": {"uv": [3, 10, 10, 11], "texture": "#1_1"},
				"down": {"uv": [3, 10, 10, 11], "texture": "#1_1"}
			}
		},
		{
			"from": [1, 3, 14],
			"to": [3, 3.5, 14.5],
			"rotation": {"angle": 0, "axis": "y", "origin": [1, 8, 8]},
			"faces": {
				"north": {"uv": [3, 10, 10, 11], "texture": "#1_1"},
				"east": {"uv": [3, 10, 10, 11], "texture": "#1_1"},
				"south": {"uv": [3, 10, 10, 11], "texture": "#1_1"},
				"west": {"uv": [3, 10, 10, 11], "texture": "#1_1"},
				"up": {"uv": [3, 10, 10, 11], "texture": "#1_1"},
				"down": {"uv": [3, 10, 10, 11], "texture": "#1_1"}
			}
		},
		{
			"from": [1.5, 1.5, 14],
			"to": [2.5, 2, 14.5],
			"rotation": {"angle": 0, "axis": "y", "origin": [1, 8, 8]},
			"faces": {
				"north": {"uv": [3, 10, 10, 11], "texture": "#1_1"},
				"east": {"uv": [3, 10, 10, 11], "texture": "#1_1"},
				"south": {"uv": [3, 10, 10, 11], "texture": "#1_1"},
				"west": {"uv": [3, 10, 10, 11], "texture": "#1_1"},
				"up": {"uv": [3, 10, 10, 11], "texture": "#1_1"},
				"down": {"uv": [3, 10, 10, 11], "texture": "#1_1"}
			}
		},
		{
			"from": [6, 10, 12],
			"to": [10, 12, 14],
			"rotation": {"angle": 0, "axis": "y", "origin": [8, 10, 5]},
			"faces": {
				"north": {"uv": [12, 14, 16, 16], "texture": "#1_0"},
				"east": {"uv": [12, 14, 16, 16], "texture": "#1_0"},
				"south": {"uv": [12, 14, 16, 16], "texture": "#1_0"},
				"west": {"uv": [12, 14, 16, 16], "texture": "#1_0"},
				"up": {"uv": [12, 14, 16, 16], "texture": "#1_0"},
				"down": {"uv": [12, 14, 16, 16], "texture": "#1_0"}
			}
		},
		{
			"from": [5.8, 10, 14],
			"to": [10.2, 12, 14.2],
			"rotation": {"angle": 0, "axis": "y", "origin": [8, 10, 5]},
			"faces": {
				"north": {"uv": [7, 10, 11, 12], "texture": "#1_1"},
				"east": {"uv": [7, 10, 11, 12], "texture": "#1_1"},
				"south": {"uv": [7, 10, 11, 12], "texture": "#1_1"},
				"west": {"uv": [7, 10, 11, 12], "texture": "#1_1"},
				"up": {"uv": [7, 10, 11, 12], "texture": "#1_1"},
				"down": {"uv": [7, 10, 11, 12], "texture": "#1_1"}
			}
		},
		{
			"from": [6, 12, 12],
			"to": [10, 12.2, 14],
			"rotation": {"angle": 0, "axis": "y", "origin": [8, 10, 5]},
			"faces": {
				"north": {"uv": [7, 10, 11, 12], "texture": "#1_1"},
				"east": {"uv": [7, 10, 11, 12], "texture": "#1_1"},
				"south": {"uv": [7, 10, 11, 12], "texture": "#1_1"},
				"west": {"uv": [7, 10, 11, 12], "texture": "#1_1"},
				"up": {"uv": [7, 10, 11, 12], "texture": "#1_1"},
				"down": {"uv": [7, 10, 11, 12], "texture": "#1_1"}
			}
		},
		{
			"from": [5.5, 11.9, 12],
			"to": [6, 12.4, 14],
			"rotation": {"angle": 0, "axis": "y", "origin": [8, 10, 5]},
			"faces": {
				"north": {"uv": [7, 10, 11, 12], "texture": "#1_1"},
				"east": {"uv": [7, 10, 11, 12], "texture": "#1_1"},
				"south": {"uv": [7, 10, 11, 12], "texture": "#1_1"},
				"west": {"uv": [7, 10, 11, 12], "texture": "#1_1"},
				"up": {"uv": [7, 10, 11, 12], "texture": "#1_1"},
				"down": {"uv": [7, 10, 11, 12], "texture": "#1_1"}
			}
		},
		{
			"from": [10, 11.9, 12],
			"to": [10.5, 12.4, 14],
			"rotation": {"angle": 0, "axis": "y", "origin": [13, 10, 5]},
			"faces": {
				"north": {"uv": [7, 10, 11, 12], "texture": "#1_1"},
				"east": {"uv": [7, 10, 11, 12], "texture": "#1_1"},
				"south": {"uv": [7, 10, 11, 12], "texture": "#1_1"},
				"west": {"uv": [7, 10, 11, 12], "texture": "#1_1"},
				"up": {"uv": [7, 10, 11, 12], "texture": "#1_1"},
				"down": {"uv": [7, 10, 11, 12], "texture": "#1_1"}
			}
		},
		{
			"from": [5.6, 11.2, 12],
			"to": [5.8, 11.6, 14],
			"rotation": {"angle": 0, "axis": "y", "origin": [8, 10, 5]},
			"faces": {
				"north": {"uv": [7, 10, 11, 12], "texture": "#1_1"},
				"east": {"uv": [7, 10, 11, 12], "texture": "#1_1"},
				"south": {"uv": [7, 10, 11, 12], "texture": "#1_1"},
				"west": {"uv": [7, 10, 11, 12], "texture": "#1_1"},
				"up": {"uv": [7, 10, 11, 12], "texture": "#1_1"},
				"down": {"uv": [7, 10, 11, 12], "texture": "#1_1"}
			}
		},
		{
			"from": [10.2, 11.2, 12],
			"to": [10.4, 11.6, 14],
			"rotation": {"angle": 0, "axis": "y", "origin": [13, 10, 5]},
			"faces": {
				"north": {"uv": [7, 10, 11, 12], "texture": "#1_1"},
				"east": {"uv": [7, 10, 11, 12], "texture": "#1_1"},
				"south": {"uv": [7, 10, 11, 12], "texture": "#1_1"},
				"west": {"uv": [7, 10, 11, 12], "texture": "#1_1"},
				"up": {"uv": [7, 10, 11, 12], "texture": "#1_1"},
				"down": {"uv": [7, 10, 11, 12], "texture": "#1_1"}
			}
		},
		{
			"from": [5.6, 10.4, 12],
			"to": [5.8, 10.8, 14],
			"rotation": {"angle": 0, "axis": "y", "origin": [8, 10, 5]},
			"faces": {
				"north": {"uv": [7, 10, 11, 12], "texture": "#1_1"},
				"east": {"uv": [7, 10, 11, 12], "texture": "#1_1"},
				"south": {"uv": [7, 10, 11, 12], "texture": "#1_1"},
				"west": {"uv": [7, 10, 11, 12], "texture": "#1_1"},
				"up": {"uv": [7, 10, 11, 12], "texture": "#1_1"},
				"down": {"uv": [7, 10, 11, 12], "texture": "#1_1"}
			}
		},
		{
			"from": [10.2, 10.4, 12],
			"to": [10.4, 10.8, 14],
			"rotation": {"angle": 0, "axis": "y", "origin": [13, 10, 5]},
			"faces": {
				"north": {"uv": [7, 10, 11, 12], "texture": "#1_1"},
				"east": {"uv": [7, 10, 11, 12], "texture": "#1_1"},
				"south": {"uv": [7, 10, 11, 12], "texture": "#1_1"},
				"west": {"uv": [7, 10, 11, 12], "texture": "#1_1"},
				"up": {"uv": [7, 10, 11, 12], "texture": "#1_1"},
				"down": {"uv": [7, 10, 11, 12], "texture": "#1_1"}
			}
		},
		{
			"from": [5.5, 9.6, 12],
			"to": [6, 10.1, 14],
			"rotation": {"angle": 0, "axis": "y", "origin": [8, 10, 5]},
			"faces": {
				"north": {"uv": [7, 10, 11, 12], "texture": "#1_1"},
				"east": {"uv": [7, 10, 11, 12], "texture": "#1_1"},
				"south": {"uv": [7, 10, 11, 12], "texture": "#1_1"},
				"west": {"uv": [7, 10, 11, 12], "texture": "#1_1"},
				"up": {"uv": [7, 10, 11, 12], "texture": "#1_1"},
				"down": {"uv": [7, 10, 11, 12], "texture": "#1_1"}
			}
		},
		{
			"from": [10, 9.6, 12],
			"to": [10.5, 10.1, 14],
			"rotation": {"angle": 0, "axis": "y", "origin": [13, 10, 5]},
			"faces": {
				"north": {"uv": [7, 10, 11, 12], "texture": "#1_1"},
				"east": {"uv": [7, 10, 11, 12], "texture": "#1_1"},
				"south": {"uv": [7, 10, 11, 12], "texture": "#1_1"},
				"west": {"uv": [7, 10, 11, 12], "texture": "#1_1"},
				"up": {"uv": [7, 10, 11, 12], "texture": "#1_1"},
				"down": {"uv": [7, 10, 11, 12], "texture": "#1_1"}
			}
		},
		{
			"from": [6, 9.8, 12],
			"to": [10, 10, 14],
			"rotation": {"angle": 0, "axis": "y", "origin": [8, 10, 5]},
			"faces": {
				"north": {"uv": [7, 10, 11, 12], "texture": "#1_1"},
				"east": {"uv": [7, 10, 11, 12], "texture": "#1_1"},
				"south": {"uv": [7, 10, 11, 12], "texture": "#1_1"},
				"west": {"uv": [7, 10, 11, 12], "texture": "#1_1"},
				"up": {"uv": [7, 10, 11, 12], "texture": "#1_1"},
				"down": {"uv": [7, 10, 11, 12], "texture": "#1_1"}
			}
		},
		{
			"from": [5.8, 10, 11.8],
			"to": [10.2, 12, 12],
			"rotation": {"angle": 0, "axis": "y", "origin": [8, 10, 5]},
			"faces": {
				"north": {"uv": [7, 10, 11, 12], "texture": "#1_1"},
				"east": {"uv": [7, 10, 11, 12], "texture": "#1_1"},
				"south": {"uv": [7, 10, 11, 12], "texture": "#1_1"},
				"west": {"uv": [7, 10, 11, 12], "texture": "#1_1"},
				"up": {"uv": [7, 10, 11, 12], "texture": "#1_1"},
				"down": {"uv": [7, 10, 11, 12], "texture": "#1_1"}
			}
		},
		{
			"from": [10.01, 10, 12],
			"to": [10.01, 12, 14],
			"rotation": {"angle": 0, "axis": "y", "origin": [13, 10, 5]},
			"faces": {
				"north": {"uv": [0, 0, 16, 16], "texture": "#5"},
				"east": {"uv": [0, 0, 16, 16], "texture": "#5"},
				"south": {"uv": [0, 0, 16, 16], "texture": "#5"},
				"west": {"uv": [0, 0, 16, 16], "texture": "#5"},
				"up": {"uv": [0, 0, 16, 16], "texture": "#5"},
				"down": {"uv": [0, 0, 16, 16], "texture": "#5"}
			}
		},
		{
			"from": [5.99, 10, 12],
			"to": [5.99, 12, 14],
			"rotation": {"angle": 0, "axis": "y", "origin": [13, 10, 5]},
			"faces": {
				"north": {"uv": [0, 0, 16, 16], "texture": "#5"},
				"east": {"uv": [0, 0, 16, 16], "texture": "#5"},
				"south": {"uv": [0, 0, 16, 16], "texture": "#5"},
				"west": {"uv": [0, 0, 16, 16], "texture": "#5"},
				"up": {"uv": [0, 0, 16, 16], "texture": "#5"},
				"down": {"uv": [0, 0, 16, 16], "texture": "#5"}
			}
		},
		{
			"from": [5.5, 3, 12],
			"to": [5.6, 10, 12.1],
			"rotation": {"angle": -22.5, "axis": "z", "origin": [8, 8, 7]},
			"faces": {
				"north": {"uv": [13, 15, 14, 16], "texture": "#0"},
				"east": {"uv": [13, 15, 14, 16], "texture": "#0"},
				"south": {"uv": [13, 15, 14, 16], "texture": "#0"},
				"west": {"uv": [13, 15, 14, 16], "texture": "#0"},
				"up": {"uv": [13, 15, 14, 16], "texture": "#0"},
				"down": {"uv": [13, 15, 14, 16], "texture": "#0"}
			}
		},
		{
			"from": [10.5, 3, 12],
			"to": [10.6, 10, 12.1],
			"rotation": {"angle": 22.5, "axis": "z", "origin": [8, 8, 7]},
			"faces": {
				"north": {"uv": [13, 15, 14, 16], "texture": "#0"},
				"east": {"uv": [13, 15, 14, 16], "texture": "#0"},
				"south": {"uv": [13, 15, 14, 16], "texture": "#0"},
				"west": {"uv": [13, 15, 14, 16], "texture": "#0"},
				"up": {"uv": [13, 15, 14, 16], "texture": "#0"},
				"down": {"uv": [13, 15, 14, 16], "texture": "#0"}
			}
		},
		{
			"from": [4.4, 10.9, 5],
			"to": [4.6, 11.1, 11.4],
			"rotation": {"angle": 22.5, "axis": "y", "origin": [8, 8, 7]},
			"faces": {
				"north": {"uv": [13, 15, 14, 16], "texture": "#0"},
				"east": {"uv": [13, 15, 14, 16], "texture": "#0"},
				"south": {"uv": [13, 15, 14, 16], "texture": "#0"},
				"west": {"uv": [13, 15, 14, 16], "texture": "#0"},
				"up": {"uv": [13, 15, 14, 16], "rotation": 180, "texture": "#0"},
				"down": {"uv": [13, 15, 14, 16], "rotation": 180, "texture": "#0"}
			}
		},
		{
			"from": [11.4, 10.9, 5],
			"to": [11.6, 11.1, 11.4],
			"rotation": {"angle": -22.5, "axis": "y", "origin": [8, 8, 7]},
			"faces": {
				"north": {"uv": [13, 15, 14, 16], "texture": "#0"},
				"east": {"uv": [13, 15, 14, 16], "texture": "#0"},
				"south": {"uv": [13, 15, 14, 16], "texture": "#0"},
				"west": {"uv": [13, 15, 14, 16], "texture": "#0"},
				"up": {"uv": [13, 15, 14, 16], "rotation": 180, "texture": "#0"},
				"down": {"uv": [13, 15, 14, 16], "rotation": 180, "texture": "#0"}
			}
		},
		{
			"from": [3.5, 10.6, 5.5],
			"to": [4.5, 11.4, 7.5],
			"rotation": {"angle": 0, "axis": "y", "origin": [1, 8, 7]},
			"faces": {
				"north": {"uv": [8, 3, 10, 6], "texture": "#1"},
				"east": {"uv": [8, 3, 10, 6], "texture": "#1"},
				"south": {"uv": [8, 3, 10, 6], "texture": "#1"},
				"west": {"uv": [8, 3, 10, 6], "texture": "#1"},
				"up": {"uv": [8, 3, 10, 6], "texture": "#1"},
				"down": {"uv": [8, 3, 10, 6], "texture": "#1"}
			}
		},
		{
			"from": [11.5, 10.6, 5.5],
			"to": [12.5, 11.4, 7.5],
			"rotation": {"angle": 0, "axis": "y", "origin": [9, 8, 7]},
			"faces": {
				"north": {"uv": [8, 3, 10, 6], "texture": "#1"},
				"east": {"uv": [8, 3, 10, 6], "texture": "#1"},
				"south": {"uv": [8, 3, 10, 6], "texture": "#1"},
				"west": {"uv": [8, 3, 10, 6], "texture": "#1"},
				"up": {"uv": [8, 3, 10, 6], "texture": "#1"},
				"down": {"uv": [8, 3, 10, 6], "texture": "#1"}
			}
		},
		{
			"from": [3.5, 10.7, 5],
			"to": [3.95, 11.3, 5.5],
			"rotation": {"angle": 0, "axis": "y", "origin": [-9, 8, 7]},
			"faces": {
				"north": {"uv": [6, 7, 7, 10], "texture": "#5"},
				"east": {"uv": [6, 7, 7, 10], "texture": "#5"},
				"south": {"uv": [6, 7, 7, 10], "texture": "#5"},
				"west": {"uv": [6, 7, 7, 10], "texture": "#5"},
				"up": {"uv": [6, 7, 7, 10], "texture": "#5"},
				"down": {"uv": [6, 7, 7, 10], "texture": "#5"}
			}
		},
		{
			"from": [11.5, 10.7, 5],
			"to": [11.95, 11.3, 5.5],
			"rotation": {"angle": 0, "axis": "y", "origin": [-1, 8, 7]},
			"faces": {
				"north": {"uv": [6, 7, 7, 10], "texture": "#5"},
				"east": {"uv": [6, 7, 7, 10], "texture": "#5"},
				"south": {"uv": [6, 7, 7, 10], "texture": "#5"},
				"west": {"uv": [6, 7, 7, 10], "texture": "#5"},
				"up": {"uv": [6, 7, 7, 10], "texture": "#5"},
				"down": {"uv": [6, 7, 7, 10], "texture": "#5"}
			}
		},
		{
			"from": [4.05, 10.7, 5],
			"to": [4.5, 11.3, 5.5],
			"rotation": {"angle": 0, "axis": "y", "origin": [-9, 8, 7]},
			"faces": {
				"north": {"uv": [6, 7, 7, 10], "texture": "#5"},
				"east": {"uv": [6, 7, 7, 10], "texture": "#5"},
				"south": {"uv": [6, 7, 7, 10], "texture": "#5"},
				"west": {"uv": [6, 7, 7, 10], "texture": "#5"},
				"up": {"uv": [6, 7, 7, 10], "texture": "#5"},
				"down": {"uv": [6, 7, 7, 10], "texture": "#5"}
			}
		},
		{
			"from": [12.05, 10.7, 5],
			"to": [12.5, 11.3, 5.5],
			"rotation": {"angle": 0, "axis": "y", "origin": [-1, 8, 7]},
			"faces": {
				"north": {"uv": [6, 7, 7, 10], "texture": "#5"},
				"east": {"uv": [6, 7, 7, 10], "texture": "#5"},
				"south": {"uv": [6, 7, 7, 10], "texture": "#5"},
				"west": {"uv": [6, 7, 7, 10], "texture": "#5"},
				"up": {"uv": [6, 7, 7, 10], "texture": "#5"},
				"down": {"uv": [6, 7, 7, 10], "texture": "#5"}
			}
		},
		{
			"from": [3.6, 11.3, 5],
			"to": [4.4, 11.35, 5.5],
			"rotation": {"angle": 0, "axis": "y", "origin": [-9, 8, 7]},
			"faces": {
				"north": {"uv": [6, 7, 7, 10], "texture": "#5"},
				"east": {"uv": [6, 7, 7, 10], "texture": "#5"},
				"south": {"uv": [6, 7, 7, 10], "texture": "#5"},
				"west": {"uv": [6, 7, 7, 10], "texture": "#5"},
				"up": {"uv": [6, 7, 7, 10], "texture": "#5"},
				"down": {"uv": [6, 7, 7, 10], "texture": "#5"}
			}
		},
		{
			"from": [11.6, 11.3, 5],
			"to": [12.4, 11.35, 5.5],
			"rotation": {"angle": 0, "axis": "y", "origin": [-1, 8, 7]},
			"faces": {
				"north": {"uv": [6, 7, 7, 10], "texture": "#5"},
				"east": {"uv": [6, 7, 7, 10], "texture": "#5"},
				"south": {"uv": [6, 7, 7, 10], "texture": "#5"},
				"west": {"uv": [6, 7, 7, 10], "texture": "#5"},
				"up": {"uv": [6, 7, 7, 10], "texture": "#5"},
				"down": {"uv": [6, 7, 7, 10], "texture": "#5"}
			}
		},
		{
			"from": [3.975, 10.975, 5],
			"to": [4.025, 11.025, 5.5],
			"rotation": {"angle": 0, "axis": "y", "origin": [-9, 8, 7]},
			"faces": {
				"north": {"uv": [8, 7, 9, 10], "texture": "#7"},
				"east": {"uv": [8, 7, 9, 10], "texture": "#7"},
				"south": {"uv": [8, 7, 9, 10], "texture": "#7"},
				"west": {"uv": [8, 7, 9, 10], "texture": "#7"},
				"up": {"uv": [8, 7, 9, 10], "texture": "#7"},
				"down": {"uv": [8, 7, 9, 10], "texture": "#7"}
			}
		},
		{
			"from": [11.975, 10.975, 5],
			"to": [12.025, 11.025, 5.5],
			"rotation": {"angle": 0, "axis": "y", "origin": [-1, 8, 7]},
			"faces": {
				"north": {"uv": [8, 7, 9, 10], "texture": "#7"},
				"east": {"uv": [8, 7, 9, 10], "texture": "#7"},
				"south": {"uv": [8, 7, 9, 10], "texture": "#7"},
				"west": {"uv": [8, 7, 9, 10], "texture": "#7"},
				"up": {"uv": [8, 7, 9, 10], "texture": "#7"},
				"down": {"uv": [8, 7, 9, 10], "texture": "#7"}
			}
		},
		{
			"from": [3.6, 10.65, 5],
			"to": [4.4, 10.7, 5.5],
			"rotation": {"angle": 0, "axis": "y", "origin": [-9, 8, 7]},
			"faces": {
				"north": {"uv": [6, 7, 7, 10], "texture": "#5"},
				"east": {"uv": [6, 7, 7, 10], "texture": "#5"},
				"south": {"uv": [6, 7, 7, 10], "texture": "#5"},
				"west": {"uv": [6, 7, 7, 10], "texture": "#5"},
				"up": {"uv": [6, 7, 7, 10], "texture": "#5"},
				"down": {"uv": [6, 7, 7, 10], "texture": "#5"}
			}
		},
		{
			"from": [11.6, 10.65, 5],
			"to": [12.4, 10.7, 5.5],
			"rotation": {"angle": 0, "axis": "y", "origin": [-1, 8, 7]},
			"faces": {
				"north": {"uv": [6, 7, 7, 10], "texture": "#5"},
				"east": {"uv": [6, 7, 7, 10], "texture": "#5"},
				"south": {"uv": [6, 7, 7, 10], "texture": "#5"},
				"west": {"uv": [6, 7, 7, 10], "texture": "#5"},
				"up": {"uv": [6, 7, 7, 10], "texture": "#5"},
				"down": {"uv": [6, 7, 7, 10], "texture": "#5"}
			}
		},
		{
			"from": [12, 10, 3.3],
			"to": [12, 12, 5.3],
			"rotation": {"angle": 0, "axis": "y", "origin": [11, 10, 4]},
			"faces": {
				"north": {"uv": [0, 0, 16, 16], "rotation": 180, "texture": "#7"},
				"east": {"uv": [0, 0, 16, 16], "rotation": 90, "texture": "#7"},
				"south": {"uv": [0, 0, 16, 16], "texture": "#7"},
				"west": {"uv": [0, 0, 16, 16], "rotation": 270, "texture": "#7"},
				"up": {"uv": [0, 0, 16, 16], "texture": "#7"},
				"down": {"uv": [0, 0, 16, 16], "rotation": 180, "texture": "#7"}
			}
		},
		{
			"from": [11, 11, 3.3],
			"to": [13, 11, 5.3],
			"rotation": {"angle": 0, "axis": "y", "origin": [11, 10, 4]},
			"faces": {
				"north": {"uv": [0, 0, 16, 16], "rotation": 270, "texture": "#7"},
				"east": {"uv": [0, 0, 16, 16], "rotation": 90, "texture": "#7"},
				"south": {"uv": [0, 0, 16, 16], "rotation": 270, "texture": "#7"},
				"west": {"uv": [0, 0, 16, 16], "rotation": 270, "texture": "#7"},
				"up": {"uv": [0, 0, 16, 16], "texture": "#7"},
				"down": {"uv": [0, 0, 16, 16], "rotation": 180, "texture": "#7"}
			}
		},
		{
			"from": [3.038, 18.077, 0.545],
			"to": [3.058, 18.187, 0.645],
			"rotation": {"angle": 0, "axis": "y", "origin": [10, 19, 8]},
			"faces": {
				"north": {"uv": [10, 4, 11, 5], "texture": "#1_0"},
				"east": {"uv": [10, 4, 11, 5], "texture": "#1_0"},
				"south": {"uv": [10, 4, 11, 5], "texture": "#1_0"},
				"west": {"uv": [10, 4, 11, 5], "texture": "#1_0"},
				"up": {"uv": [10, 4, 11, 5], "texture": "#1_0"},
				"down": {"uv": [10, 4, 11, 5], "texture": "#1_0"}
			}
		},
		{
			"from": [3.032, 18.187, 0.545],
			"to": [3.062, 18.455, 0.645],
			"rotation": {"angle": 0, "axis": "y", "origin": [10, 19, 8]},
			"faces": {
				"north": {"uv": [8, 6, 9, 7], "texture": "#1_0"},
				"east": {"uv": [8, 6, 9, 7], "texture": "#1_0"},
				"south": {"uv": [8, 6, 9, 7], "texture": "#1_0"},
				"west": {"uv": [8, 6, 9, 7], "texture": "#1_0"},
				"up": {"uv": [8, 6, 9, 7], "texture": "#1_0"},
				"down": {"uv": [8, 6, 9, 7], "texture": "#1_0"}
			}
		},
		{
			"from": [3.02, 18.45, 0.545],
			"to": [3.07, 18.7, 0.645],
			"rotation": {"angle": 0, "axis": "y", "origin": [10, 19, 8]},
			"faces": {
				"north": {"uv": [8, 7, 9, 8], "texture": "#1_0"},
				"east": {"uv": [8, 7, 9, 8], "texture": "#1_0"},
				"south": {"uv": [8, 7, 9, 8], "texture": "#1_0"},
				"west": {"uv": [8, 7, 9, 8], "texture": "#1_0"},
				"up": {"uv": [8, 7, 9, 8], "texture": "#1_0"},
				"down": {"uv": [8, 7, 9, 8], "texture": "#1_0"}
			}
		},
		{
			"from": [3.01, 18.705, 0.545],
			"to": [3.08, 18.987, 0.645],
			"rotation": {"angle": 0, "axis": "y", "origin": [10, 19, 8]},
			"faces": {
				"north": {"uv": [13, 2, 14, 3], "texture": "#1_0"},
				"east": {"uv": [13, 2, 14, 3], "texture": "#1_0"},
				"south": {"uv": [13, 2, 14, 3], "texture": "#1_0"},
				"west": {"uv": [13, 2, 14, 3], "texture": "#1_0"},
				"up": {"uv": [13, 2, 14, 3], "texture": "#1_0"},
				"down": {"uv": [13, 2, 14, 3], "texture": "#1_0"}
			}
		},
		{
			"from": [2.995, 12, 1.1],
			"to": [3.095, 21.8, 1.2],
			"rotation": {"angle": -22.5, "axis": "x", "origin": [10, 19, 8]},
			"faces": {
				"north": {"uv": [7, 8, 8, 9], "texture": "#1_0"},
				"east": {"uv": [7, 8, 8, 9], "texture": "#1_0"},
				"south": {"uv": [7, 8, 8, 9], "texture": "#1_0"},
				"west": {"uv": [7, 8, 8, 9], "texture": "#1_0"},
				"up": {"uv": [7, 8, 8, 9], "texture": "#1_0"},
				"down": {"uv": [7, 8, 8, 9], "texture": "#1_0"}
			}
		},
		{
			"from": [3.032, 12, 0.8],
			"to": [3.062, 21.1, 0.9],
			"rotation": {"angle": -22.5, "axis": "x", "origin": [10, 19, 8]},
			"faces": {
				"north": {"uv": [8, 6, 9.1, 7.1], "texture": "#1_0"},
				"east": {"uv": [8, 6, 9, 7], "texture": "#1_0"},
				"south": {"uv": [8, 6, 9.1, 7.1], "texture": "#1_0"},
				"west": {"uv": [8, 6, 9.1, 7.1], "texture": "#1_0"},
				"up": {"uv": [8, 6, 9.1, 7.1], "texture": "#1_0"},
				"down": {"uv": [8, 6, 9.1, 7.1], "texture": "#1_0"}
			}
		},
		{
			"from": [3.02, 12, 0.9],
			"to": [3.07, 21.345, 1],
			"rotation": {"angle": -22.5, "axis": "x", "origin": [10, 19, 8]},
			"faces": {
				"north": {"uv": [7, 7, 8, 8], "texture": "#1_0"},
				"east": {"uv": [8, 7, 9, 8], "texture": "#1_0"},
				"south": {"uv": [7, 7, 8, 8], "texture": "#1_0"},
				"west": {"uv": [7, 7, 8, 8], "texture": "#1_0"},
				"up": {"uv": [7, 7, 8, 8], "texture": "#1_0"},
				"down": {"uv": [7, 7, 8, 8], "texture": "#1_0"}
			}
		},
		{
			"from": [3.01, 12, 1],
			"to": [3.08, 21.58, 1.1],
			"rotation": {"angle": -22.5, "axis": "x", "origin": [10, 19, 8]},
			"faces": {
				"north": {"uv": [13, 2, 14, 3], "texture": "#1_0"},
				"east": {"uv": [13, 2, 14, 3], "texture": "#1_0"},
				"south": {"uv": [13, 2, 14, 3], "texture": "#1_0"},
				"west": {"uv": [13, 2, 14, 3], "texture": "#1_0"},
				"up": {"uv": [13, 2, 14, 3], "texture": "#1_0"},
				"down": {"uv": [13, 2, 14, 3], "texture": "#1_0"}
			}
		},
		{
			"from": [3.038, 12, 0.76],
			"to": [3.058, 21, 0.8],
			"rotation": {"angle": -22.5, "axis": "x", "origin": [10, 19, 8]},
			"faces": {
				"north": {"uv": [10, 4, 11, 5], "texture": "#1_0"},
				"east": {"uv": [10, 4, 11, 5], "texture": "#1_0"},
				"south": {"uv": [10, 4, 11, 5], "texture": "#1_0"},
				"west": {"uv": [10, 4, 11, 5], "texture": "#1_0"},
				"up": {"uv": [10, 4, 11, 5], "texture": "#1_0"},
				"down": {"uv": [10, 4, 11, 5], "texture": "#1_0"}
			}
		},
		{
			"from": [2.85, 11.9, 0.58],
			"to": [3.25, 12.1, 1.38],
			"rotation": {"angle": -22.5, "axis": "x", "origin": [10, 19, 8]},
			"faces": {
				"north": {"uv": [0, 13, 2, 15], "texture": "#1_0"},
				"east": {"uv": [0, 13, 2, 15], "texture": "#1_0"},
				"south": {"uv": [0, 13, 2, 15], "texture": "#1_0"},
				"west": {"uv": [0, 13, 2, 15], "texture": "#1_0"},
				"up": {"uv": [0, 13, 2, 15], "texture": "#1_0"},
				"down": {"uv": [0, 13, 2, 15], "texture": "#1_0"}
			}
		},
		{
			"from": [2.95, 11.5, 0.84],
			"to": [3.15, 12, 1.14],
			"rotation": {"angle": -22.5, "axis": "x", "origin": [10, 19, 8]},
			"faces": {
				"north": {"uv": [3, 12, 4.5, 13], "texture": "#1_0"},
				"east": {"uv": [3, 12, 4.5, 13], "texture": "#1_0"},
				"south": {"uv": [3, 12, 4.5, 13], "texture": "#1_0"},
				"west": {"uv": [3, 12, 4.5, 13], "texture": "#1_0"},
				"up": {"uv": [3, 12, 4.5, 13], "texture": "#1_0"},
				"down": {"uv": [3, 12, 4.5, 13], "texture": "#1_0"}
			}
		},
		{
			"from": [2.95, 10.5, 0.84],
			"to": [3.15, 11, 1.14],
			"rotation": {"angle": -22.5, "axis": "x", "origin": [10, 19, 8]},
			"faces": {
				"north": {"uv": [4, 10, 5.5, 11], "texture": "#1_0"},
				"east": {"uv": [4, 10, 5.5, 11], "texture": "#1_0"},
				"south": {"uv": [4, 10, 5.5, 11], "texture": "#1_0"},
				"west": {"uv": [4, 10, 5.5, 11], "texture": "#1_0"},
				"up": {"uv": [4, 10, 5.5, 11], "texture": "#1_0"},
				"down": {"uv": [4, 10, 5.5, 11], "texture": "#1_0"}
			}
		},
		{
			"from": [2.95, 11, 0.84],
			"to": [3.15, 11.5, 1.14],
			"rotation": {"angle": -22.5, "axis": "x", "origin": [10, 19, 8]},
			"faces": {
				"north": {"uv": [3, 11, 4.5, 13], "texture": "#1_0"},
				"east": {"uv": [3, 11, 4.5, 13], "texture": "#1_0"},
				"south": {"uv": [3, 11, 4.5, 13], "texture": "#1_0"},
				"west": {"uv": [3, 11, 4.5, 13], "texture": "#1_0"},
				"up": {"uv": [3, 11, 4.5, 13], "texture": "#1_0"},
				"down": {"uv": [3, 11, 4.5, 13], "texture": "#1_0"}
			}
		},
		{
			"from": [2.95, 10, 0.84],
			"to": [3.15, 10.5, 1.14],
			"rotation": {"angle": -22.5, "axis": "x", "origin": [10, 19, 8]},
			"faces": {
				"north": {"uv": [3, 11, 4.5, 13], "texture": "#1_0"},
				"east": {"uv": [3, 11, 4.5, 13], "texture": "#1_0"},
				"south": {"uv": [3, 11, 4.5, 13], "texture": "#1_0"},
				"west": {"uv": [3, 11, 4.5, 13], "texture": "#1_0"},
				"up": {"uv": [3, 11, 4.5, 13], "texture": "#1_0"},
				"down": {"uv": [3, 11, 4.5, 13], "texture": "#1_0"}
			}
		},
		{
			"from": [1, 5.6, 2],
			"to": [3, 7.6, 13],
			"faces": {
				"north": {"uv": [0, 11, 1, 13], "texture": "#4"},
				"east": {"uv": [0, 10, 16, 15], "texture": "#4"},
				"south": {"uv": [0, 0, 16, 16], "texture": "#4"},
				"west": {"uv": [0, 10, 16, 15], "texture": "#4"},
				"up": {"uv": [0, 10, 16, 15], "texture": "#4"},
				"down": {"uv": [0, 10, 16, 15], "texture": "#4"}
			}
		},
		{
			"from": [13, 5.6, 2],
			"to": [15, 7.6, 13],
			"rotation": {"angle": 0, "axis": "y", "origin": [20, 8, 8]},
			"faces": {
				"north": {"uv": [0, 11, 1, 13], "texture": "#4"},
				"east": {"uv": [0, 10, 16, 15], "texture": "#4"},
				"south": {"uv": [0, 0, 16, 16], "texture": "#4"},
				"west": {"uv": [0, 10, 16, 15], "texture": "#4"},
				"up": {"uv": [0, 10, 16, 15], "texture": "#4"},
				"down": {"uv": [0, 10, 16, 15], "texture": "#4"}
			}
		},
		{
			"from": [1.3, 5.9, 1.5],
			"to": [2.7, 7.3, 2],
			"faces": {
				"north": {"uv": [0, 11, 1, 13], "texture": "#4"},
				"east": {"uv": [0, 10, 16, 15], "texture": "#4"},
				"south": {"uv": [0, 0, 16, 16], "texture": "#4"},
				"west": {"uv": [0, 10, 16, 15], "texture": "#4"},
				"up": {"uv": [0, 10, 16, 15], "texture": "#4"},
				"down": {"uv": [0, 10, 16, 15], "texture": "#4"}
			}
		},
		{
			"from": [13.3, 5.9, 1.5],
			"to": [14.7, 7.3, 2],
			"rotation": {"angle": 0, "axis": "y", "origin": [20, 8, 8]},
			"faces": {
				"north": {"uv": [0, 11, 1, 13], "texture": "#4"},
				"east": {"uv": [0, 10, 16, 15], "texture": "#4"},
				"south": {"uv": [0, 0, 16, 16], "texture": "#4"},
				"west": {"uv": [0, 10, 16, 15], "texture": "#4"},
				"up": {"uv": [0, 10, 16, 15], "texture": "#4"},
				"down": {"uv": [0, 10, 16, 15], "texture": "#4"}
			}
		},
		{
			"from": [0.9, 5.5, 13],
			"to": [3.1, 7.7, 13.5],
			"faces": {
				"north": {"uv": [0, 11, 1, 13], "texture": "#4"},
				"east": {"uv": [0, 10, 16, 15], "texture": "#4"},
				"south": {"uv": [0, 0, 16, 16], "texture": "#4"},
				"west": {"uv": [0, 10, 16, 15], "texture": "#4"},
				"up": {"uv": [0, 10, 16, 15], "texture": "#4"},
				"down": {"uv": [0, 10, 16, 15], "texture": "#4"}
			}
		},
		{
			"from": [12.9, 5.5, 13],
			"to": [15.1, 7.7, 13.5],
			"rotation": {"angle": 0, "axis": "y", "origin": [20, 8, 8]},
			"faces": {
				"north": {"uv": [0, 11, 1, 13], "texture": "#4"},
				"east": {"uv": [0, 10, 16, 15], "texture": "#4"},
				"south": {"uv": [0, 0, 16, 16], "texture": "#4"},
				"west": {"uv": [0, 10, 16, 15], "texture": "#4"},
				"up": {"uv": [0, 10, 16, 15], "texture": "#4"},
				"down": {"uv": [0, 10, 16, 15], "texture": "#4"}
			}
		},
		{
			"from": [1.9, 6.5, 1.2],
			"to": [2.1, 6.7, 1.5],
			"faces": {
				"north": {"uv": [4, 14, 5, 15], "texture": "#1"},
				"east": {"uv": [4, 14, 5, 15], "texture": "#1"},
				"south": {"uv": [4, 14, 5, 15], "texture": "#1"},
				"west": {"uv": [4, 14, 5, 15], "texture": "#1"},
				"up": {"uv": [4, 14, 5, 15], "texture": "#1"},
				"down": {"uv": [4, 14, 5, 15], "texture": "#1"}
			}
		},
		{
			"from": [13.9, 6.5, 1.2],
			"to": [14.1, 6.7, 1.5],
			"rotation": {"angle": 0, "axis": "y", "origin": [20, 8, 8]},
			"faces": {
				"north": {"uv": [4, 14, 5, 15], "texture": "#1"},
				"east": {"uv": [4, 14, 5, 15], "texture": "#1"},
				"south": {"uv": [4, 14, 5, 15], "texture": "#1"},
				"west": {"uv": [4, 14, 5, 15], "texture": "#1"},
				"up": {"uv": [4, 14, 5, 15], "texture": "#1"},
				"down": {"uv": [4, 14, 5, 15], "texture": "#1"}
			}
		},
		{
			"from": [1.8, 6.4, 1],
			"to": [2.2, 6.8, 1.2],
			"faces": {
				"north": {"uv": [5, 10, 6, 11], "texture": "#1"},
				"east": {"uv": [5, 10, 6, 11], "texture": "#1"},
				"south": {"uv": [5, 10, 6, 11], "texture": "#1"},
				"west": {"uv": [5, 10, 6, 11], "texture": "#1"},
				"up": {"uv": [5, 10, 6, 11], "texture": "#1"},
				"down": {"uv": [5, 10, 6, 11], "texture": "#1"}
			}
		},
		{
			"from": [13.8, 6.4, 1],
			"to": [14.2, 6.8, 1.2],
			"rotation": {"angle": 0, "axis": "y", "origin": [20, 8, 8]},
			"faces": {
				"north": {"uv": [5, 10, 6, 11], "texture": "#1"},
				"east": {"uv": [5, 10, 6, 11], "texture": "#1"},
				"south": {"uv": [5, 10, 6, 11], "texture": "#1"},
				"west": {"uv": [5, 10, 6, 11], "texture": "#1"},
				"up": {"uv": [5, 10, 6, 11], "texture": "#1"},
				"down": {"uv": [5, 10, 6, 11], "texture": "#1"}
			}
		}
	],
	"display": {
		"thirdperson_righthand": {
			"rotation": [69, 0, 0],
			"scale": [0, 0, 0]
		},
		"thirdperson_lefthand": {
			"rotation": [56, 0, 0],
			"translation": [-6, -3.75, 3.75],
			"scale": [1.2, 1.2, 1.2]
		},
		"firstperson_righthand": {
			"rotation": [8, 0, 0],
			"translation": [-9, -1.2, 5.5],
			"scale": [2, 2, 2]
		},
		"firstperson_lefthand": {
			"rotation": [8, 0, 0],
			"translation": [-9, -1.2, 5.5],
			"scale": [2, 2, 2]
		},
		"ground": {
			"scale": [0, 0, 0]
		},
		"gui": {
			"rotation": [14, -21, 0],
			"translation": [0, -2.25, 0],
			"scale": [0.6, 0.6, 0.6]
		},
		"head": {
			"scale": [0, 0, 0]
		},
		"fixed": {
			"scale": [0, 0, 0]
		}
	},
	"groups": [
		{
			"name": "enjector",
			"origin": [8, 8, 8],
			"children": [0, 1, 2, 3, 4, 5, 6, 7, 8, 9, 10, 11, 12, 13, 14, 15, 16, 17, 18, 19, 20, 21, 22, 23, 24, 25, 26, 27, 28, 29, 30, 31, 32, 33, 34, 35, 36, 37, 38, 39, 40, 41]
		},
		{
			"name": "injector",
			"origin": [8, 8, 8],
			"children": [42, 43, 44, 45, 46, 47, 48, 49, 50, 51, 52, 53, 54, 55, 56, 57, 58, 59, 60, 61, 62, 63, 64, 65, 66, 67, 68, 69, 70, 71, 72, 73, 74, 75, 76, 77, 78, 79, 80]
		},
		{
			"name": "controller",
			"origin": [8, 8, 8],
			"children": [81, 82, 83, 84, 85, 86, 87, 88, 89, 90, 91, 92, 93, 94, 95]
		},
		{
			"name": "string",
			"origin": [8, 8, 8],
			"children": [96, 97, 98, 99, 100, 101, 102, 103, 104, 105, 106, 107, 108, 109, 110, 111, 112, 113]
		},
		{
			"name": "sword",
			"origin": [8, 8, 8],
			"children": [114, 115, 116, 117, 118, 119, 120, 121, 122, 123, 124, 125, 126, 127]
		},
		{
			"name": "cylinder",
			"origin": [8, 8, 8],
			"children": [128, 129, 130, 131, 132, 133, 134, 135, 136, 137]
		}
	]
}